V real;V medido;angulo
0;2.671;-1.385197613
0;2.675;-1.61595021
0;2.672;-1.61595021
0;2.669;-1.615727279
0;2.674;-1.615727279
0;2.671;-1.385197613
0;2.674;-1.390797639
0;2.669;-1.384792972
0;2.672;-1.615727279
2.672;2.669;-0.923565038
2.672;2.671;-1.385197613
2.672;2.672;-1.615727279
2.672;2.674;-1.622482191
2.672;2.672;-1.609470573
2.672;2.669;-1.615727279
2.672;2.668;-1.609250312
2.672;2.669;-1.37964247
2.672;2.672;-1.615727279
2.672;2.668;-1.385197613
2.672;2.669;-1.385197613
2.672;2.671;-1.615727279
2.672;2.668;-1.385197613
2.672;2.669;-1.37964247
2.672;2.668;-1.149612564
2.672;2.672;-1.145176814
2.672;2.671;-2.299336398
2.672;2.66;-2.308388037
2.672;2.664;-1.609833553
2.672;2.664;-2.747737031
2.672;2.657;-2.529412719
2.672;2.653;-2.539597977
2.672;2.656;-2.77001345
2.672;2.65;-2.539350604
2.672;2.639;-2.988632455
2.672;2.639;-3.23098369
2.672;2.63;-3.000661413
2.672;2.624;-3.23098369
2.672;2.618;-4.151251637
2.672;2.615;-4.151251637
2.672;2.604;-3.706168142
2.672;2.598;-3.921271775
2.672;2.591;-4.36295065
2.672;2.583;-5.571054424
2.672;2.574;-5.067412455
2.672;2.569;-4.838194739
2.672;2.561;-5.066798336
2.672;2.548;-5.752576894
2.672;2.541;-6.209319772
2.672;2.538;-5.546121897
2.672;2.53;-6.459904259
2.672;2.527;-6.458595379
2.672;2.515;-6.458595379
2.672;2.515;-6.458595379
2.672;2.505;-6.432842302
2.672;2.497;-7.142219492
2.672;2.487;-7.658876046
2.672;2.487;-7.167354776
2.672;2.482;-7.169164496
2.672;2.475;-8.044089925
2.672;2.475;-7.846000536
2.672;2.468;-8.13866848
2.672;2.459;-8.301273137
2.672;2.453;-7.843519799
2.672;2.455;-9.303110851
2.672;2.449;-9.005723044
2.672;2.442;-9.232710721
2.672;2.44;-9.005723044
2.672;2.434;-9.005723044
2.672;2.429;-9.378207277
2.672;2.427;-9.670149364
2.672;2.418;-9.751510964
2.672;2.412;-9.716787087
2.672;2.414;-9.755597069
2.672;2.407;-10.49738879
2.672;2.406;-10.41917828
2.672;2.397;-10.4606893
2.672;2.395;-10.42403128
2.672;2.388;-11.22482167
2.672;2.392;-11.34423076
2.672;2.382;-11.35025583
2.672;2.384;-11.08624227
2.672;2.373;-10.94736435
2.672;2.373;-10.19254827
2.672;2.368;-9.634815546
2.672;2.36;-10.42872043
2.672;2.36;-10.01462921
2.672;2.351;-9.232710721
2.672;2.351;-9.489692636
2.672;2.343;-9.269567352
2.672;2.353;-8.036528496
2.672;2.35;-8.565194074
2.672;2.348;-7.62027502
2.672;2.347;-7.368393266
2.672;2.348;-7.397905441
2.672;2.348;-6.458595379
2.672;2.343;-6.459904259
2.672;2.341;-5.52593316
2.672;2.344;-5.066798336
2.672;2.345;-4.609306353
2.672;2.339;-4.36295065
2.672;2.336;-3.921112901
2.672;2.34;-3.69135606
2.672;2.341;-3.000661413
2.672;2.336;-3.000271898
2.672;2.337;-4.68589984
2.672;2.328;-1.384792972
2.672;2.328;-1.609470573
2.672;2.329;-1.385366318
2.672;2.343;-1.615727279
2.672;2.354;-1.37964247
2.672;2.36;-1.154240764
2.672;2.363;-1.609250312
2.672;2.366;-1.379242677
2.672;2.374;-2.308388037
2.672;2.384;-3.461141603
2.672;2.388;-3.269808545
2.672;2.395;-2.999785217
2.672;2.406;-2.539350604
2.672;2.403;-5.191608442
2.672;2.406;-2.077762781
2.672;2.404;-3.474778282
2.672;2.406;-1.603042652
2.672;2.403;-0.228918336
2.672;2.403;-0.229835551
2.672;2.411;0.933114975
2.672;2.418;0
2.672;2.427;0.696831655
2.672;2.437;0.462953059
2.672;2.445;1.618553523
2.672;2.459;1.848421331
2.672;2.474;1.616934835
2.672;2.482;1.854538556
2.672;2.504;2.103884495
2.672;2.515;3.009539512
2.672;2.531;3.694022326
2.672;2.549;3.249382078
2.672;2.562;4.407637714
2.672;2.585;4.872228079
2.672;2.618;5.30328264
2.672;2.629;6.904045477
2.672;2.656;7.235241541
2.672;2.672;8.347097673
2.672;2.706;9.110659941
2.672;2.731;10.47890429
2.672;2.758;10.25372372
2.672;2.786;11.89703786
2.672;2.806;12.48781167
2.672;2.836;12.90736551
2.672;2.859;12.57052155
2.672;2.881;13.24488233
2.672;2.911;13.0205006
2.672;2.937;13.29583389
2.672;2.956;13.0062626
2.672;2.987;13.0062626
2.672;3.012;13.28120062
2.672;3.037;13.29583389
2.672;3.062;13.28120062
2.672;3.09;13.0062626
2.672;3.119;13.05624717
2.672;3.149;12.84505476
2.672;3.178;13.28120062
2.672;3.208;12.35515105
2.672;3.231;13.28120062
2.672;3.267;11.26052229
2.672;3.295;10.65504481
2.672;3.328;8.509757388
2.672;3.362;7.436445867
2.672;3.393;6.392879597
2.672;3.42;3.503968395
2.672;3.435;3.019091929
2.672;3.453;3.000929293
2.672;3.472;1.165264252
2.672;3.484;0.694025682
2.672;3.499;0.917940054
2.672;3.513;0.460971013
2.672;3.517;0.463179912
2.672;3.52;0
2.672;3.532;0.230550806
2.672;3.544;-0.692250469
2.672;3.555;-0.92329519
2.672;3.566;-0.692379627
2.672;3.577;-1.847070149
2.672;3.574;-2.539165121
2.672;3.574;-3.03710857
2.672;3.58;-2.560216395
2.672;3.581;-0.428930241
2.672;3.577;-1.616317593
2.672;3.559;-0.445788196
2.672;3.551;-1.635705735
2.672;3.54;-1.61595021
2.672;3.531;-1.61595021
2.672;3.523;-1.61595021
2.672;3.514;-1.61595021
2.672;3.502;-1.61595021
2.672;3.494;-1.385197613
2.672;3.472;-1.379809154
2.672;4.138;-1.61595021
4.138;4.132;-1.61595021
4.138;4.129;-1.615727279
4.138;4.135;-1.379809154
4.138;4.132;-1.61595021
4.138;4.133;-1.609470573
4.138;4.132;-1.609470573
4.138;4.136;-1.37964247
4.138;4.133;-1.603042652
4.138;4.132;-2.308762826
4.138;4.127;-2.528985051
4.138;4.136;-2.308388037
4.138;4.13;-2.317926693
4.138;4.126;-2.07754355
4.138;4.116;-2.770125859
4.138;4.117;-3.230905061
4.138;4.116;-3.230905061
4.138;4.109;-3.000442292
4.138;4.101;-3.69135606
4.138;4.095;-3.691266287
4.138;4.094;-3.921271775
4.138;4.084;-3.936935702
4.138;4.076;-4.628895019
4.138;4.065;-4.36295065
4.138;4.057;-4.859455894
4.138;4.042;-4.380470307
4.138;4.039;-4.6100523
4.138;4.024;-4.819799037
4.138;4.014;-4.858623826
4.138;4.009;-5.088343357
4.138;3.99;-5.067944871
4.138;3.978;-5.088343357
4.138;3.971;-5.296467656
4.138;3.959;-5.296467656
4.138;3.947;-5.524684247
4.138;3.936;-5.546121897
4.138;3.925;-5.773801752
4.138;3.912;-6.004123259
4.138;3.892;-5.750722146
4.138;3.877;-6.206170985
4.138;3.86;-6.434135583
4.138;3.851;-6.459904259
4.138;3.829;-6.710999707
4.138;3.815;-7.169164496
4.138;3.793;-7.142219492
4.138;3.774;-6.940193592
4.138;3.763;-7.167354776
4.138;3.736;-7.397905441
4.138;3.715;-7.397905441
4.138;3.699;-7.624487005
4.138;3.678;-7.594107337
4.138;3.658;-7.196180524
4.138;3.639;-7.594107337
4.138;3.614;-7.594107337
4.138;3.595;-7.108506156
4.138;3.577;-7.877435112
4.138;3.555;-7.62027502
4.138;3.534;-7.648529285
4.138;3.517;-7.877435112
4.138;3.498;-8.076187415
4.138;3.472;-8.303761786
4.138;3.454;-8.100795193
4.138;3.431;-8.525827443
4.138;3.41;-8.331829241
4.138;3.386;-8.329043634
4.138;3.364;-9.012166483
4.138;3.345;-8.966628507
4.138;3.323;-9.041704174
4.138;3.304;-9.005723044
4.138;3.284;-9.229191378
4.138;3.266;-9.52762962
4.138;3.244;-9.489692636
4.138;3.225;-9.52762962
4.138;3.21;-9.712749538
4.138;3.196;-9.751510964
4.138;3.17;-9.670149364
4.138;3.154;-10.24265139
4.138;3.137;-10.42403128
4.138;3.121;-10.24265139
4.138;3.11;-10.42403128
4.138;3.096;-10.42403128
4.138;3.079;-11.18557043
4.138;3.067;-10.90938528
4.138;3.06;-10.68785007
4.138;3.043;-10.86622082
4.138;3.036;-10.64547909
4.138;3.019;-10.90938528
4.138;3.015;-10.90938528
4.138;2.999;-11.17448394
4.138;2.989;-10.86082809
4.138;2.981;-11.35025583
4.138;2.967;-11.17448394
4.138;2.959;-10.90392805
4.138;2.948;-10.90392805
4.138;2.937;-11.11854206
4.138;2.924;-11.35610468
4.138;2.92;-11.84122104
4.138;2.906;-11.38923242
4.138;2.899;-11.39532953
4.138;2.889;-12.11455146
4.138;2.88;-11.56956332
4.138;2.868;-11.17448394
4.138;2.862;-11.40124838
4.138;2.855;-10.94736435
4.138;2.85;-10.90392805
4.138;2.842;-11.13019189
4.138;2.842;-10.6350731
4.138;2.835;-10.88138109
4.138;2.823;-10.15221699
4.138;2.82;-10.42403128
4.138;2.817;-10.42403128
4.138;2.816;-10.20189182
4.138;2.81;-10.42872043
4.138;2.808;-10.46560057
4.138;2.798;-9.935161227
4.138;2.797;-9.755597069
4.138;2.797;-9.489692636
4.138;2.79;-9.52762962
4.138;2.784;-9.262296871
4.138;2.78;-9.232710721
4.138;2.781;-8.819914015
4.138;2.775;-8.77844997
4.138;2.773;-8.816803691
4.138;2.768;-8.557026149
4.138;2.765;-8.36526963
4.138;2.762;-7.65084582
4.138;2.755;-7.65084582
4.138;2.747;-7.882076501
4.138;2.745;-6.912470491
4.138;2.743;-6.941834768
4.138;2.743;-6.888061622
4.138;2.741;-6.68856034
4.138;2.741;-6.458595379
4.138;2.746;-5.774787041
4.138;2.753;-6.004123259
4.138;2.762;-5.980127972
4.138;2.759;-6.004123259
4.138;2.763;-5.776477283
4.138;2.772;-5.316386113
4.138;2.777;-5.296467656
4.138;2.786;-5.296467656
4.138;2.787;-5.546888926
4.138;2.797;-5.547565981
4.138;2.808;-5.524684247
4.138;2.812;-5.067944871
4.138;2.819;-4.83913376
4.138;2.835;-4.858623826
4.138;2.839;-4.87827111
4.138;2.851;-4.858623826
4.138;2.862;-4.858623826
4.138;2.875;-4.167896828
4.138;2.887;-4.151150753
4.138;2.89;-4.167896828
4.138;2.906;-3.937096507
4.138;2.925;-4.134538468
4.138;2.938;-3.691266287
4.138;2.954;-3.69135606
4.138;2.967;-3.461253878
4.138;2.981;-3.706289297
4.138;3;-3.218035387
4.138;3.019;-3.012688926
4.138;3.032;-2.299632701
4.138;3.047;-2.758752269
4.138;3.063;-2.308762826
4.138;3.081;-2.539350604
4.138;3.104;-2.539350604
4.138;3.123;-2.538938476
4.138;3.148;-2.529168311
4.138;3.166;-2.549427409
4.138;3.188;-2.308388037
4.138;3.21;-1.402309507
4.138;3.23;-1.854113681
4.138;3.249;-1.61595021
4.138;3.274;-1.61595021
4.138;3.3;-1.61595021
4.138;3.323;-1.609470573
4.138;3.348;-1.61595021
4.138;3.373;-1.609470573
4.138;3.393;-1.385366318
4.138;3.422;-1.609470573
4.138;3.445;-1.615727279
4.138;3.471;-1.61595021
4.138;3.499;-1.609470573
4.138;3.528;-1.61595021
4.138;3.55;-1.61595021
4.138;3.574;-1.609250312
4.138;3.602;-1.61595021
4.138;3.625;-1.61595021
4.138;3.658;-1.615727279
4.138;3.676;-1.609250312
4.138;3.702;-1.615727279
4.138;3.721;-1.615727279
4.138;3.746;-1.615478229
4.138;3.766;-1.61595021
4.138;3.773;-1.615478229
4.138;3.786;-1.622482191
4.138;3.815;-1.61595021
4.138;3.826;-1.61595021
4.138;3.842;-1.61595021
4.138;3.855;-1.846395668
4.138;3.867;-1.609470573
4.138;3.882;-1.379242677
4.138;3.896;-1.609470573
4.138;3.908;-1.622482191
4.138;3.919;-1.61595021
4.138;3.935;-1.61595021
4.138;3.946;-1.846395668
4.138;3.95;-1.838995214
4.138;3.971;-2.094975881
4.138;3.981;-2.299132756
4.138;3.989;-1.164041952
4.138;3.994;-1.379809154
4.138;4.003;-1.622482191
4.138;4.011;-1.61595021
4.138;4.02;-1.61595021
4.138;4.027;-1.61595021
4.138;4.037;-1.61595021
4.138;4.043;-1.609470573
4.138;4.053;-1.61595021
4.138;4.062;-3.036427115
4.138;4.062;-1.83924688
4.138;4.073;-1.36827437
4.138;4.08;-0.692250469
4.138;4.088;-0.23159374
4.138;4.086;-0.695046242
4.138;4.088;0
4.138;4.097;0.23159374
4.138;4.11;0.691035438
4.138;4.11;0.464567162
4.138;4.117;0.231417991
4.138;4.137;1.385535085
4.138;4.146;3.01074398
4.138;4.153;1.846395668
4.138;4.161;2.546138261
4.138;4.173;3.221978895
4.138;4.193;2.764969125
4.138;4.2;3.419225167
4.138;4.216;2.777258047
4.138;4.232;3.482500446
4.138;4.246;3.939929901
4.138;4.256;3.494975275
4.138;4.277;3.692194263
4.138;4.292;4.394939839
4.138;4.309;4.601829634
4.138;4.327;3.977064419
4.138;4.347;4.183400968
4.138;4.37;5.094157455
4.138;4.385;5.607016432
4.138;4.41;5.796496909
4.138;4.432;5.754387002
4.138;4.458;6.468983563
4.138;4.475;6.724230802
4.138;4.506;7.164963379
4.138;4.535;6.88165497
4.138;4.56;6.560232794
4.138;4.592;7.121750906
4.138;4.616;8.074354133
4.138;4.648;8.515640872
4.138;4.68;8.830935092
4.138;4.711;8.575559736
4.138;4.746;8.347097673
4.138;4.776;8.508710151
4.138;4.806;8.602064326
4.138;4.842;8.947845087
4.138;4.877;9.263431756
4.138;4.912;8.909331724
4.138;4.943;8.96865062
4.138;4.977;9.067201389
4.138;5.011;9.805197246
4.138;5.048;12.85844588
4.138;5.084;11.97743017
4.138;5.124;13.12993542
4.138;5.174;12.59101395
4.138;5.219;12.17174533
4.138;5.256;13.04167617
4.138;5.294;13.0205006
4.138;5.348;13.29583389
4.138;5.387;13.23041651
4.138;5.43;13.04167617
4.138;5.48;12.78170284
4.138;5.527;12.83088333
4.138;5.575;13.23041651
4.138;5.61;13.04167617
4.138;5.666;12.95663657
4.138;5.716;12.99185817
4.138;5.758;13.28120062
4.138;5.802;12.99185817
4.138;5.839;13.05624717
4.138;5.885;12.83088333
4.138;5.923;12.99185817
4.138;5.959;13.28120062
4.138;6.003;13.05624717
4.138;6.042;13.04167617
4.138;6.076;13.28120062
4.138;6.146;13.33235197
4.138;6.176;13.28120062
4.138;6.208;13.24488233
4.138;6.234;13.0062626
4.138;6.269;13.05624717
4.138;6.298;12.78170284
4.138;6.322;13.28120062
4.138;6.342;13.05624717
4.138;6.383;13.05624717
4.138;6.409;13.20097931
4.138;6.434;12.59101395
4.138;6.462;12.83088333
4.138;6.489;12.99185817
4.138;6.511;13.04167617
4.138;6.532;13.23041651
4.138;6.55;12.78170284
4.138;6.57;13.0062626
4.138;6.595;13.28120062
4.138;6.607;12.83088333
4.138;6.625;12.78170284
4.138;6.64;13.23041651
4.138;6.655;13.05624717
4.138;6.675;13.28120062
4.138;6.689;13.0062626
4.138;6.706;12.99185817
4.138;6.711;12.63957367
4.138;6.719;13.0062626
4.138;6.737;13.04167617
4.138;6.741;13.09185382
4.138;6.748;12.83088333
4.138;6.762;13.28120062
4.138;6.771;13.23041651
4.138;6.782;12.99185817
4.138;6.794;12.88042082
4.138;6.796;12.78170284
4.138;6.813;13.33235197
4.138;6.811;13.28120062
4.138;6.816;13.05624717
4.138;6.819;13.04167617
4.138;6.816;13.04167617
4.138;6.82;13.04167617
4.138;6.822;13.04167617
4.138;6.82;12.99185817
4.138;6.819;13.23041651
4.138;6.82;12.59101395
4.138;6.827;12.78170284
4.138;6.819;13.05624717
4.138;6.822;13.23041651
4.138;6.822;13.05624717
4.138;6.829;13.0062626
4.138;6.824;13.29583389
4.138;6.819;13.04167617
4.138;6.82;13.10659389
4.138;6.822;13.0062626
4.138;6.818;12.78170284
4.138;6.823;13.04167617
4.138;6.819;12.63282783
4.138;6.819;9.781838018
4.138;6.819;7.229784996
4.138;6.813;9.251498536
4.138;6.793;20.03216275
4.138;6.789;11.21650918
4.138;6.79;11.09706791
4.138;6.778;11.16205095
4.138;6.778;10.96704896
4.138;6.773;11.36615237
4.138;6.769;11.15112585
4.138;6.769;11.15112585
4.138;6.762;11.09706791
4.138;6.756;11.09706791
4.138;6.755;10.93517153
4.138;6.741;11.20560957
4.138;6.737;11.34450863
4.138;6.738;11.18335049
4.138;6.731;11.15112585
4.138;6.723;10.93517153
4.138;6.729;11.15112585
4.138;6.724;11.24949398
4.138;6.718;11.14004997
4.138;6.724;10.96704896
4.138;6.713;11.36615237
4.138;6.703;10.96704896
4.138;6.707;11.20560957
4.138;6.704;11.09706791
4.138;6.696;10.92445749
4.138;6.688;10.92445749
4.138;6.693;11.43297217
4.138;6.684;11.10801594
4.138;6.684;11.15112585
4.138;6.679;11.18335049
4.138;6.675;11.18335049
4.138;6.667;10.6867956
4.138;6.668;11.18335049
4.138;6.656;11.14004997
4.138;6.651;10.92445749
4.138;6.649;6.644720613
4.138;6.646;2.99869105
4.138;6.644;-0.231417991
4.138;6.608;2.805203042
4.138;6.565;3.694022326
4.138;6.519;2.199450316
4.138;6.494;5.542021437
4.138;6.473;5.117614755
4.138;6.445;5.100158511
4.138;6.425;4.863741858
4.138;6.411;4.863741858
4.138;6.381;4.850090156
4.138;6.361;5.079865661
4.138;6.336;5.100158511
4.138;6.32;4.84442596
4.138;6.293;5.100158511
4.138;6.269;5.097197008
4.138;6.253;5.103041542
4.138;6.227;5.097197008
4.138;6.198;5.103041542
4.138;6.193;4.869474159
4.138;6.16;5.097197008
4.138;6.141;5.097197008
4.138;6.121;5.076939348
4.138;6.104;5.097197008
4.138;6.101;5.100158511
4.138;6.089;4.883210232
4.138;6.067;5.100158511
4.138;6.054;4.850090156
4.138;6.036;5.094157455
4.138;6.018;4.869474159
4.138;5.998;5.100158511
4.138;5.985;5.100158511
4.138;5.966;5.097197008
4.138;5.951;5.355092884
4.138;5.93;4.850090156
4.138;5.912;5.097197008
4.138;5.896;5.079865661
4.138;5.878;5.100158511
4.138;5.859;5.076939348
4.138;5.845;4.863741858
4.138;5.825;5.079865661
4.138;5.807;5.059731601
4.138;5.786;4.889011726
4.138;5.777;5.097197008
4.138;5.75;5.100158511
4.138;5.729;5.097197008
4.138;5.716;4.850090156
4.138;5.701;5.100158511
4.138;5.683;5.079865661
4.138;5.669;5.100158511
4.138;5.65;4.889011726
4.138;5.628;5.31245351
4.138;5.607;5.097197008
4.138;5.596;5.561022933
4.138;5.578;5.100158511
4.138;5.56;5.094157455
4.138;5.54;5.12061201
4.138;5.529;5.117614755
4.138;5.514;5.100158511
4.138;5.493;4.889011726
4.138;5.484;5.100158511
4.138;5.465;4.617494258
4.138;5.473;4.889011726
4.138;5.487;5.100158511
4.138;5.512;5.076939348
4.138;5.518;5.097197008
4.138;5.518;5.097197008
4.138;5.517;5.079865661
4.138;5.512;5.097197008
4.138;5.515;5.079865661
4.138;5.517;5.327583349
4.138;5.512;5.097197008
4.138;5.509;5.082714397
4.138;5.511;5.12061201
4.138;5.514;4.84442596
4.138;5.512;5.306420357
4.138;5.514;5.097197008
4.138;5.515;5.306420357
4.138;5.512;5.100158511
4.138;5.512;5.076939348
4.138;5.517;5.097197008
4.138;5.515;2.574852924
4.138;5.514;4.394939839
4.138;5.514;8.483260401
4.138;5.506;4.869474159
4.138;5.504;3.738820332
4.138;5.506;10.8486603
4.138;5.504;5.105845692
4.138;5.493;5.097197008
4.138;5.501;4.620158166
4.138;5.497;4.869474159
4.138;5.497;5.082714397
4.138;5.5;5.097197008
4.138;5.495;5.079865661
4.138;5.498;5.097197008
4.138;5.493;4.850090156
4.138;5.493;5.097197008
4.138;5.495;5.076939348
4.138;5.5;4.869474159
4.138;5.49;4.8528113
4.138;5.494;3.480272556
4.138;5.491;5.2204086
4.138;5.49;2.381817285
4.138;5.48;5.360938859
4.138;5.475;3.5002467
4.138;5.475;4.8528113
4.138;5.473;4.410132618
4.138;5.469;4.392542129
4.138;5.469;4.620158166
4.138;5.468;4.872228079
4.138;5.467;4.410132618
4.138;5.462;4.641255987
4.138;5.46;4.412559265
4.138;5.461;4.620158166
4.138;5.467;4.390076943
4.138;5.455;4.410132618
4.138;5.455;4.410132618
4.138;5.454;4.392542129
4.138;5.455;4.410132618
4.138;5.451;4.641255987
4.138;5.453;4.659907468
4.138;5.442;4.643808721
4.138;5.448;4.414917308
4.138;5.45;4.638631447
4.138;5.441;4.620158166
4.138;5.445;4.410132618
4.138;5.445;4.410132618
4.138;5.435;4.638631447
4.138;5.439;4.850090156
4.138;5.437;5.082714397
4.138;5.431;4.625273762
4.138;5.431;4.641255987
4.138;5.431;0.670096795
4.138;5.427;-3.281635561
4.138;5.428;-2.281204421
4.138;5.415;-1.862236602
4.138;5.387;-2.245121801
4.138;5.357;-1.390388073
4.138;5.334;-0.92329519
4.138;5.314;-1.154062802
4.138;5.296;-0.923137888
4.138;5.275;-0.923137888
4.138;5.248;-1.154062802
4.138;5.219;-1.149436734
4.138;5.207;-0.92329519
4.138;5.187;-0.695296398
4.138;5.165;-1.154062802
4.138;5.147;-0.923137888
4.138;5.136;-0.912279257
4.138;5.113;-2.791873383
4.138;5.088;-3.842613152
4.138;5.064;0
4.138;5.039;-3.53226475
4.138;5.013;-0.91997157
4.138;4.99;-1.615727279
4.138;4.97;-1.615727279
4.138;4.948;-1.385197613
4.138;4.924;-1.61595021
4.138;4.895;-1.61595021
4.138;4.875;-1.84579675
4.138;4.853;-5.61191714
4.138;4.832;-0.919438379
4.138;4.806;-1.38960408
4.138;4.789;-1.153650995
4.138;4.768;-1.154062802
4.138;4.752;-0.92329519
4.138;4.735;-0.923137888
4.138;4.717;-0.92329519
4.138;4.696;-1.154062802
4.138;4.678;-1.153650995
4.138;4.658;-0.919593797
4.138;4.637;-1.158309404
4.138;4.616;-0.923137888
4.138;4.598;-1.154062802
4.138;4.582;-1.154062802
4.138;4.559;-0.919438379
4.138;4.545;-0.92329519
4.138;4.518;-0.919593797
4.138;4.503;-1.153650995
4.138;4.483;-0.92329519
4.138;4.464;-1.154062802
4.138;4.441;-0.923137888
4.138;4.425;-1.154062802
4.138;4.405;-1.154062802
4.138;4.384;-1.158726221
4.138;4.369;-1.158726221
4.138;4.342;-1.154062802
4.138;4.33;-0.92329519
4.138;4.307;-0.923137888
4.138;4.285;-0.92329519
4.138;4.268;-1.154062802
4.138;4.249;-1.384792972
4.138;4.235;-1.154062802
4.138;4.214;-1.158309404
4.138;4.199;-1.158726221
4.138;4.183;-0.923137888
4.138;4.183;-0.923137888
4.138;4.19;-0.923137888
4.138;4.193;-0.92329519
4.138;4.196;-0.923137888
4.138;4.187;-0.923137888
4.138;4.187;-1.154062802
4.138;4.188;-0.919438379
4.138;4.187;-0.92329519
4.138;4.186;-1.158726221
4.138;4.182;-1.154062802
4.138;4.188;-1.158309404
4.138;4.191;-1.154062802
4.138;4.186;0.450454852
4.138;4.196;-6.426645389
4.138;4.194;-7.370119508
4.138;4.19;-7.65084582
4.138;4.188;-7.884206548
4.138;4.177;-7.653039076
4.138;4.169;-6.938440517
4.138;4.14;-7.170858701
4.138;4.12;-7.394054207
4.138;4.097;-6.912470491
4.138;4.079;-7.199726917
4.138;4.056;-7.427653193
4.138;4.034;-7.368393266
4.138;4.02;-7.199726917
4.138;3.994;-7.169164496
4.138;3.979;-7.657054483
4.138;3.965;-7.170858701
4.138;3.947;-7.397905441
4.138;3.922;-7.624487005
4.138;3.897;-6.941834768
4.138;3.875;-6.459904259
4.138;3.852;-6.512062386
4.138;3.834;-6.484554308
4.138;3.812;-6.459904259
4.138;3.795;-6.685744156
4.138;3.78;-6.510721552
4.138;3.76;-6.232204222
4.138;3.748;-6.459904259
4.138;3.728;-6.485879037
4.138;3.71;-6.232204222
4.138;3.689;-6.458595379
4.138;3.668;-6.46220982
4.138;3.658;-6.256110806
4.138;3.633;-6.257287775
4.138;3.618;-6.232204222
4.138;3.602;-6.233266545
4.138;3.58;-6.25836298
4.138;3.569;-6.488212532
4.138;3.548;-6.003099404
4.138;3.535;-6.25836298
4.138;3.512;-6.231041348
4.138;3.496;-6.488212532
4.138;3.482;-6.257287775
4.138;3.461;-6.233266545
4.138;3.45;-6.004123259
4.138;3.436;-6.003099404
4.138;3.415;-6.232204222
4.138;3.398;-6.514424267
4.138;3.379;-6.004123259
4.138;3.367;-6.25836298
4.138;3.35;-6.231041348
4.138;3.33;-6.233266545
4.138;3.311;-6.027274734
4.138;3.294;-6.25836298
4.138;3.283;-6.484554308
4.138;3.263;-6.003099404
4.138;3.248;-6.233266545
4.138;3.23;-6.233266545
4.138;3.216;-6.231041348
4.138;3.199;-6.233266545
4.138;3.182;-6.233266545
4.138;3.163;-6.25836298
4.138;3.152;-6.028311011
4.138;3.134;-6.233266545
4.138;3.121;-6.257287775
4.138;3.118;-6.716699804
4.138;3.121;-5.797066536
4.138;3.121;-6.25836298
4.138;3.125;-6.003099404
4.138;3.132;-6.25836298
4.138;3.13;-6.028311011
4.138;3.137;-6.259336261
4.138;3.144;-6.459904259
4.138;3.146;-6.25836298
4.138;3.147;-6.231041348
4.138;3.155;-5.773801752
4.138;3.157;-6.25836298
4.138;3.166;-6.233266545
4.138;3.167;-6.004123259
4.138;3.17;-5.798966503
4.138;3.172;-6.028311011
4.138;3.178;-5.773801752
4.138;3.183;-6.004123259
4.138;3.188;-6.028311011
4.138;3.183;-6.052693539
4.138;3.189;-6.005879659
4.138;3.194;-7.592086755
4.138;3.192;-9.188511828
4.138;3.192;-9.720671048
4.138;3.194;-9.794713586
4.138;3.196;-9.751510964
4.138;3.196;-9.786286084
4.138;3.196;-9.974739542
4.138;3.19;-10.20632229
4.138;3.19;-9.755597069
4.138;3.197;-10.43760452
4.138;3.186;-9.716787087
4.138;3.188;-9.983253049
4.138;3.182;-9.755597069
4.138;3.175;-9.983253049
4.138;3.175;-9.602161286
4.138;3.167;-10.47933708
4.138;3.168;-9.320854495
4.138;3.163;-9.670149364
4.138;3.163;-9.406851061
4.138;3.157;-10.28373234
4.138;3.153;-10.50252624
4.138;3.153;-10.38278507
4.138;3.152;-15.94601734
4.138;3.147;-10.19254827
4.138;3.138;-10.65043265
4.138;3.132;-10.47034608
4.138;3.126;-10.46560057
4.138;3.127;-10.51229947
4.138;3.119;-10.42872043
4.138;3.115;-10.41917828
4.138;3.11;-10.46560057
4.138;3.11;-10.42403128
4.138;3.108;-10.19254827
4.138;3.099;-10.41917828
4.138;3.094;-10.46560057
4.138;3.086;-10.47034608
4.138;3.077;-10.47034608
4.138;3.077;-10.74525897
4.138;3.071;-10.47034608
4.138;3.063;-10.65043265
4.138;3.059;-10.47034608
4.138;3.054;-10.65043265
4.138;3.048;-10.47034608
4.138;3.043;-10.88138109
4.138;3.034;-10.4606893
4.138;3.033;-10.47034608
4.138;3.032;-10.65043265
4.138;3.023;-10.46560057
4.138;3.018;-10.47034608
4.138;3.009;-10.50749671
4.138;3.006;-10.46560057
4.138;2.998;-10.24265139
4.138;2.993;-10.42403128
4.138;2.988;-10.42403128
4.138;2.98;-10.42872043
4.138;2.976;-10.42403128
4.138;2.973;-10.42403128
4.138;2.959;-10.42403128
4.138;2.959;-10.42872043
4.138;2.948;-10.41917828
4.138;2.949;-10.42872043
4.138;2.939;-10.41917828
4.138;2.929;-10.47034608
4.138;2.92;-10.60833156
4.138;2.915;-10.42403128
4.138;2.911;-10.65043265
4.138;2.909;-10.42403128
4.138;2.9;-10.42872043
4.138;2.896;-10.4606893
4.138;2.898;-10.19254827
4.138;2.895;-10.28373234
4.138;2.892;-10.46560057
4.138;2.889;-10.42872043
4.138;2.889;-10.42872043
4.138;2.887;-10.137185
4.138;2.883;-10.19068748
4.138;2.877;-17.91625029
4.138;2.876;-16.51294869
4.138;2.872;-13.4515127
4.138;6.604;-1.385197613
6.604;6.596;-1.154240764
6.604;6.6;-1.154062802
6.604;6.601;-1.154240764
6.604;6.597;-1.154240764
6.604;6.6;-1.384792972
6.604;6.604;-1.154240764
6.604;6.603;-1.149436734
6.604;6.596;-1.149612564
6.604;6.595;-1.154240764
6.604;6.596;-1.154240764
6.604;6.6;-1.384557095
6.604;6.595;-1.384792972
6.604;6.6;-1.154062802
6.604;6.595;-0.923565038
6.604;6.593;-1.140466539
6.604;6.596;-1.154062802
6.604;6.596;-2.085684561
6.604;6.597;-3.96807751
6.604;6.597;-2.308594149
6.604;6.589;-2.299336398
6.604;6.588;-3.000271898
6.604;6.586;-2.612537866
6.604;6.581;-2.299632701
6.604;6.584;-2.539350604
6.604;6.569;-4.924260318
6.604;6.568;-2.045151083
6.604;6.568;-2.528985051
6.604;6.564;-2.095096917
6.604;6.558;-2.539350604
6.604;6.555;-2.758752269
6.604;6.55;-2.308388037
6.604;6.547;-3.905573545
6.604;6.54;-2.539165121
6.604;6.539;-2.308894046
6.604;6.532;-2.758752269
6.604;6.534;-2.528985051
6.604;6.532;-2.769406673
6.604;6.523;-2.290152546
6.604;6.515;-2.318097425
6.604;6.514;-2.299503054
6.604;6.508;-2.758752269
6.604;6.507;-1.832780898
6.604;6.506;-2.539165121
6.604;6.495;-3.000271898
6.604;6.492;3.615142395
6.604;6.489;-2.747013212
6.604;6.488;-2.539165121
6.604;6.474;-2.308762826
6.604;6.472;-2.299503054
6.604;6.472;-2.539165121
6.604;6.467;-2.539350604
6.604;6.466;-2.308762826
6.604;6.458;-2.078100196
6.604;6.455;-2.529168311
6.604;6.45;-2.539165121
6.604;6.451;-2.299503054
6.604;6.448;-2.539165121
6.604;6.445;-2.308594149
6.604;6.44;-2.299503054
6.604;6.44;-2.758552423
6.604;6.427;-2.769856099
6.604;6.433;-2.308762826
6.604;6.427;-2.299503054
6.604;6.417;-2.539350604
6.604;6.421;-2.290152546
6.604;6.411;-2.299632701
6.604;6.411;-2.308388037
6.604;6.406;-2.318097425
6.604;6.409;-2.539165121
6.604;6.406;-2.539165121
6.604;6.395;-2.299503054
6.604;6.398;-2.758308226
6.604;6.391;-2.308594149
6.604;6.387;-2.758752269
6.604;6.389;-2.299503054
6.604;6.383;-2.529168311
6.604;6.383;-2.308762826
6.604;6.376;-2.528985051
6.604;6.373;-2.539350604
6.604;6.369;-2.539165121
6.604;6.374;-2.308388037
6.604;6.371;-2.308594149
6.604;6.371;-2.539165121
6.604;6.372;-2.308762826
6.604;6.371;-2.528985051
6.604;6.373;-2.539165121
6.604;6.371;-2.308762826
6.604;6.377;-2.539350604
6.604;6.378;-2.308762826
6.604;6.373;-2.318097425
6.604;6.374;-2.317718072
6.604;6.37;-2.539350604
6.604;6.376;-2.539165121
6.604;6.368;-2.509185751
6.604;6.37;-0.636484458
6.604;6.373;-3.431412843
6.604;6.38;-3.000637064
6.604;6.368;-2.05353428
6.604;6.367;-2.736961115
6.604;6.361;-3.00056402
6.604;6.366;-3.00056402
6.604;6.37;-3.230905061
6.604;6.361;-3.00056402
6.604;6.361;-3.000442292
6.604;6.358;-3.00056402
6.604;6.361;-3.00056402
6.604;6.364;-2.988536229
6.604;6.357;-3.000442292
6.604;6.361;-3.00056402
6.604;6.356;-2.736614214
6.604;6.36;-2.77001345
6.604;6.353;-2.74800038
6.604;6.353;-4.873506846
6.604;6.351;-1.145314083
6.604;6.346;-3.100061756
6.604;6.336;-6.054492923
6.604;6.34;-5.546888926
6.604;6.338;-4.664383377
6.604;6.335;-4.684490059
6.604;6.325;-3.530386746
6.604;6.327;-3.475119136
6.604;6.32;-3.461141603
6.604;6.325;-3.447275921
6.604;6.318;-3.2440365
6.604;6.315;-3.461141603
6.604;6.32;-2.988536229
6.604;6.312;-3.000661413
6.604;6.308;-2.067633049
6.604;6.311;-3.691385986
6.604;6.304;-3.21741405
6.604;6.298;-1.810767446
6.604;6.294;-5.760295609
6.604;6.298;-4.839486034
6.604;6.297;-5.088343357
6.604;6.29;-4.83913376
6.604;6.288;-4.839486034
6.604;6.273;-4.380470307
6.604;6.275;-4.398130937
6.604;6.265;-4.380470307
6.604;6.258;-4.380470307
6.604;6.265;-4.380470307
6.604;6.248;-4.36295065
6.604;6.251;-4.380470307
6.604;6.24;-4.150747289
6.604;6.241;-5.066102605
6.604;6.24;-5.524684247
6.604;6.231;-4.820417876
6.604;6.219;-4.838194739
6.604;6.208;-5.067944871
6.604;6.209;-4.83913376
6.604;6.198;-5.068395509
6.604;6.19;-5.067944871
6.604;6.186;-5.067944871
6.604;6.177;-5.067944871
6.604;6.17;-5.068395509
6.604;6.171;-5.047182748
6.604;6.163;-4.83913376
6.604;6.157;-4.820147105
6.604;6.16;-5.088343357
6.604;6.15;-5.067944871
6.604;6.146;-5.068395509
6.604;6.141;-5.29702387
6.604;6.137;-5.067944871
6.604;6.13;-4.857673416
6.604;6.13;-5.088343357
6.604;6.123;-5.067944871
6.604;6.123;-4.819799037
6.604;6.113;-5.067944871
6.604;6.107;-5.088343357
6.604;6.103;-5.068395509
6.604;6.098;-5.088799459
6.604;6.094;-5.088343357
6.604;6.096;-5.087804486
6.604;6.087;-5.275883268
6.604;6.083;-5.067944871
6.604;6.081;-5.088799459
6.604;6.067;-5.067944871
6.604;6.065;-4.838194739
6.604;6.072;-5.067944871
6.604;6.065;-5.067944871
6.604;6.07;-5.068395509
6.604;6.059;-4.627875681
6.604;6.057;-5.067944871
6.604;6.056;-4.857673416
6.604;6.053;-4.857673416
6.604;6.052;-4.83913376
6.604;6.05;-4.83913376
6.604;6.044;-4.838194739
6.604;6.044;-4.838194739
6.604;6.032;-5.088343357
6.604;6.033;-4.83913376
6.604;6.027;-5.109367882
6.604;6.026;-5.088343357
6.604;6.025;-5.088343357
6.604;6.023;-4.858623826
6.604;6.03;-4.83913376
6.604;6.025;-4.83913376
6.604;6.022;-5.068395509
6.604;6.02;-5.067944871
6.604;6.023;-5.067944871
6.604;6.02;-5.067944871
6.604;6.016;-4.858623826
6.604;6.019;-4.858623826
6.604;6.018;-4.857673416
6.604;6.02;-5.067944871
6.604;6.016;-4.858623826
6.604;6.016;-5.067944871
6.604;6.016;-5.068395509
6.604;6.016;-5.067944871
6.604;6.018;-4.858980374
6.604;6.014;-5.067944871
6.604;6.014;-4.839486034
6.604;6.014;-5.088343357
6.604;6.016;-5.067944871
6.604;6.018;-5.067944871
6.604;6.018;-5.088343357
6.604;6.012;-5.088799459
6.604;6.018;-5.088799459
6.604;6.014;-5.088343357
6.604;6.014;-4.857673416
6.604;6.015;-5.068395509
6.604;6.015;-4.819373723
6.604;6.02;-5.088799459
6.604;6.009;-4.839486034
6.604;6.016;-5.088799459
6.604;6.019;-5.067944871
6.604;6.018;-4.819799037
6.604;6.015;-4.83913376
6.604;6.016;-5.067944871
6.604;6.016;-4.820147105
6.604;6.009;-5.067944871
6.604;6.015;-5.088799459
6.604;6.012;-4.858623826
6.604;6.02;-5.067944871
6.604;6.014;-5.088343357
6.604;6.015;-5.067944871
6.604;6.011;-4.857673416
6.604;6.016;-4.83913376
6.604;6.014;-5.067944871
6.604;6.016;-4.858980374
6.604;6.014;-4.838194739
6.604;6.012;-5.068395509
6.604;6.023;-5.067944871
6.604;6.023;-5.067944871
6.604;6.02;-4.857673416
6.604;6.019;-4.39694691
6.604;6.018;-6.003099404
6.604;6.023;-9.045037034
6.604;6.022;-9.045037034
6.604;6.012;-8.44078784
6.604;6.003;-5.773801752
6.604;5.998;-6.284646468
6.604;5.992;-5.95803764
6.604;5.987;-5.546888926
6.604;5.987;-5.524684247
6.604;5.986;-5.52392639
6.604;5.983;-5.546888926
6.604;5.982;-5.546888926
6.604;5.979;-5.775678928
6.604;5.978;-5.774787041
6.604;5.976;-6.943363807
6.604;5.972;-7.65084582
6.604;5.969;-6.716699804
6.604;5.964;-6.944780485
6.604;5.962;-6.68856034
6.604;5.962;-6.689807096
6.604;5.949;-6.68856034
6.604;5.948;-6.715437954
6.604;5.951;-6.971347119
6.604;5.941;-6.68856034
6.604;5.936;-6.715437954
6.604;5.934;-6.943363807
6.604;5.925;-6.715437954
6.604;5.923;-6.68856034
6.604;5.918;-6.661895796
6.604;5.91;-6.68856034
6.604;5.912;-6.917002599
6.604;5.908;-6.915602849
6.604;5.906;-6.944780485
6.604;5.896;-6.68856034
6.604;5.896;-6.917002599
6.604;5.892;-6.68856034
6.604;5.891;-6.915602849
6.604;5.889;-6.485879037
6.604;5.882;-6.68856034
6.604;5.874;-6.944780485
6.604;5.87;-6.68856034
6.604;5.875;-6.68856034
6.604;5.866;-6.484554308
6.604;5.862;-6.943363807
6.604;5.855;-6.485879037
6.604;5.848;-6.68856034
6.604;5.851;-6.915602849
6.604;5.848;-6.484554308
6.604;5.839;-6.459904259
6.604;5.833;-6.68856034
6.604;5.835;-6.712587697
6.604;5.825;-6.715437954
6.604;5.828;-6.917002599
6.604;5.814;-6.485879037
6.604;5.808;-6.685744156
6.604;5.804;-6.458595379
6.604;5.8;-6.715437954
6.604;5.806;-6.68856034
6.604;5.793;-6.715437954
6.604;5.791;-6.485879037
6.604;5.788;-6.458595379
6.604;5.784;-6.685744156
6.604;5.784;-6.68856034
6.604;5.791;-6.917002599
6.604;5.788;-6.712587697
6.604;5.791;-6.458595379
6.604;5.788;-6.888061622
6.604;5.786;-6.68856034
6.604;5.782;-6.68856034
6.604;5.784;-6.712587697
6.604;5.78;-6.68856034
6.604;5.781;-6.915602849
6.604;5.778;-6.941834768
6.604;5.778;-6.458595379
6.604;5.775;-6.715437954
6.604;5.762;-6.68856034
6.604;5.775;-6.944780485
6.604;5.774;-6.458595379
6.604;5.775;-6.458595379
6.604;5.774;-6.715437954
6.604;5.78;-6.68856034
6.604;5.778;-6.944780485
6.604;5.775;-6.917002599
6.604;5.777;-6.742531188
6.604;5.775;-6.458595379
6.604;5.772;-6.458595379
6.604;5.769;-6.915602849
6.604;5.774;-6.68856034
6.604;5.769;-7.819345049
6.604;5.765;-8.57899168
6.604;5.765;-8.973277736
6.604;5.752;-9.005723044
6.604;5.752;-9.269567352
6.604;5.746;-9.041704174
6.604;5.747;-8.816803691
6.604;5.744;-8.973277736
6.604;5.73;-9.592543528
6.604;5.739;-8.550898127
6.604;5.73;-9.232710721
6.604;5.73;-8.557026149
6.604;5.723;-9.012166483
6.604;5.716;-8.362450357
6.604;5.713;-8.331829241
6.604;5.707;-7.622442081
6.604;5.71;-8.106088154
6.604;5.705;-7.681660739
6.604;5.706;-8.044089925
6.604;5.703;-8.306117975
6.604;5.701;-8.106088154
6.604;5.695;-8.076187415
6.604;5.695;-7.846000536
6.604;5.694;-8.33448156
6.604;5.691;-7.877435112
6.604;5.685;-8.10853966
6.604;5.688;-8.10853966
6.604;5.69;-8.10853966
6.604;5.681;-7.814813539
6.604;5.679;-8.106088154
6.604;5.679;-7.913817855
6.604;5.677;-7.846000536
6.604;5.673;-7.877435112
6.604;5.669;-8.076187415
6.604;5.672;-7.877435112
6.604;5.659;-8.10853966
6.604;5.663;-8.27311302
6.604;5.661;-8.106088154
6.604;5.658;-8.076187415
6.604;5.654;-7.850586549
6.604;5.658;-8.076187415
6.604;5.651;-8.339384812
6.604;5.652;-8.076187415
6.604;5.642;-8.106088154
6.604;5.643;-8.141149675
6.604;5.639;-7.846000536
6.604;5.639;-7.846000536
6.604;5.636;-8.33448156
6.604;5.631;-8.306117975
6.604;5.629;-8.10853966
6.604;5.632;-8.339384812
6.604;5.631;-7.882076501
6.604;5.629;-8.10853966
6.604;5.616;-8.10853966
6.604;5.621;-7.877435112
6.604;5.625;-8.10853966
6.604;5.62;-8.337000206
6.604;5.613;-8.10853966
6.604;5.612;-7.877435112
6.604;5.607;-8.076187415
6.604;5.607;-8.306117975
6.604;5.607;-7.846000536
6.604;5.609;-7.846000536
6.604;5.609;-8.076187415
6.604;5.614;-8.10853966
6.604;5.616;-8.10853966
6.604;5.616;-8.076187415
6.604;5.616;-8.076187415
6.604;5.62;-8.141149675
6.604;5.62;-8.306117975
6.604;5.624;-8.339384812
6.604;5.624;-8.367954025
6.604;5.625;-7.846000536
6.604;5.628;-8.076187415
6.604;5.628;-8.076187415
6.604;5.627;-9.794713586
6.604;5.631;-10.775622
6.604;5.618;-11.05332947
6.604;5.62;-11.14114693
6.604;5.614;-11.14114693
6.604;5.609;-10.71121605
6.604;5.601;-10.01462921
6.604;5.596;-10.42872043
6.604;5.594;-13.67174145
6.604;5.584;-11.09174134
6.604;5.585;-11.17448394
6.604;5.585;-10.87144439
6.604;5.579;-10.7305532
6.604;5.578;-9.751510964
6.604;5.564;-10.42403128
6.604;5.569;-10.38278507
6.604;5.562;-10.20189182
6.604;5.558;-10.41917828
6.604;5.556;-10.42403128
6.604;5.551;-10.42872043
6.604;5.547;-10.42872043
6.604;5.545;-10.42872043
6.604;5.539;-10.42872043
6.604;5.534;-10.38278507
6.604;5.528;-10.42403128
6.604;5.524;-10.42403128
6.604;5.522;-10.47034608
6.604;5.518;-10.42403128
6.604;5.515;-10.42403128
6.604;5.509;-10.15221699
6.604;5.505;-10.38278507
6.604;5.508;-10.38741875
6.604;5.498;-10.46560057
6.604;5.497;-10.38278507
6.604;5.49;-10.42872043
6.604;5.487;-10.47034608
6.604;5.478;-10.65043265
6.604;5.476;-10.46560057
6.604;5.475;-10.42403128
6.604;5.475;-10.46560057
6.604;5.467;-10.19254827
6.604;5.46;-10.42872043
6.604;5.461;-10.38741875
6.604;5.454;-10.65043265
6.604;5.454;-10.42403128
6.604;5.451;-10.42872043
6.604;5.442;-10.41917828
6.604;5.434;-10.46560057
6.604;5.437;-10.41917828
6.604;5.43;-10.47034608
6.604;5.433;-10.15221699
6.604;5.42;-10.37798943
6.604;5.419;-10.4606893
6.604;5.416;-10.47034608
6.604;5.417;-10.23319549
6.604;5.409;-10.47034608
6.604;5.406;-10.47034608
6.604;5.401;-10.42403128
6.604;5.394;-10.47034608
6.604;5.391;-10.42403128
6.604;5.388;-10.47034608
6.604;5.384;-10.42872043
6.604;5.381;-10.42403128
6.604;5.381;-10.42872043
6.604;5.383;-10.20189182
6.604;5.386;-10.42872043
6.604;5.393;-10.20189182
6.604;5.388;-10.65043265
6.604;5.383;-10.91467139
6.604;5.383;-10.20189182
6.604;5.389;-10.42872043
6.604;5.393;-10.37798943
6.604;5.393;-10.42403128
6.604;5.391;-10.47034608
6.604;5.386;-10.42872043
6.604;5.388;-10.65043265
6.604;5.388;-10.42872043
6.604;5.383;-10.42872043
6.604;5.386;-10.42872043
6.604;5.393;-10.65983734
6.604;5.391;-10.42403128
6.604;5.387;-10.23319549
6.604;5.383;-10.65043265
6.604;5.384;-10.42872043
6.604;5.38;-10.42872043
6.604;5.384;-10.16144995
6.604;5.394;-10.65043265
6.604;5.388;-10.47034608
6.604;5.376;-10.42403128
6.604;5.384;-10.38741875
6.604;5.387;-10.42872043
6.604;5.381;-10.42403128
6.604;5.386;-10.42403128
6.604;5.384;-10.20189182
6.604;5.387;-10.47034608
6.604;5.39;-10.4606893
6.604;5.387;-10.47034608
6.604;5.388;-10.42403128
6.604;5.387;-10.42872043
6.604;5.385;-10.42403128
6.604;5.388;-10.46560057
6.604;5.39;-10.38741875
6.604;5.39;-10.37798943
6.604;5.388;-10.16144995
6.604;5.391;-10.42403128
6.604;5.39;-10.42403128
6.604;5.386;-10.69286305
6.604;5.393;-10.65983734
6.604;5.39;-10.38741875
6.604;5.384;-10.42403128
6.604;5.389;-10.42403128
6.604;5.387;-10.34185828
6.604;5.389;-10.42872043
6.604;5.388;-10.41917828
6.604;5.391;-10.69286305
6.604;5.387;-10.41917828
6.604;5.39;-10.42872043
6.604;5.386;-10.24265139
6.604;5.386;-10.38741875
6.604;5.393;-10.42403128
6.604;5.389;-10.42872043
6.604;5.386;-10.42403128
6.604;5.383;-10.42872043
6.604;5.384;-10.69286305
6.604;5.381;-10.42872043
6.604;5.387;-10.16144995
6.604;5.387;-10.47034608
6.604;5.384;-10.42872043
6.604;5.388;-10.42403128
6.604;5.387;-10.60833156
6.604;5.387;-10.42403128
6.604;5.384;-10.20189182
6.604;5.383;-10.42403128
6.604;5.387;-10.42403128
6.604;5.389;-10.42872043
6.604;5.387;-10.88138109
6.604;5.39;-10.65043265
6.604;5.387;-10.20189182
6.604;5.385;-10.38741875
6.604;5.387;-10.65043265
6.604;5.383;-10.42872043
6.604;5.387;-10.65043265
6.604;5.39;-10.46560057
6.604;5.384;-10.42872043
6.604;5.386;-10.41917828
6.604;5.386;-10.42872043
6.604;5.384;-10.65043265
6.604;5.385;-10.69286305
6.604;5.391;-10.47034608
6.604;5.384;-10.42872043
6.604;5.391;-10.42872043
6.604;5.385;-10.37798943
6.604;5.391;-10.42872043
6.604;5.383;-10.47034608
6.604;5.383;-10.65043265
6.604;5.383;-10.42403128
6.604;5.39;-10.50749671
6.604;5.391;-10.42872043
6.604;5.389;-10.42872043
6.604;5.389;-10.38741875
6.604;5.383;-10.20189182
6.604;5.384;-10.38741875
6.604;5.388;-10.42872043
6.604;5.386;-10.47034608
6.604;5.384;-10.50252624
6.604;5.383;-10.65043265
6.604;5.391;-10.60833156
6.604;5.384;-10.65043265
6.604;5.388;-10.38278507
6.604;5.386;-10.42872043
6.604;5.385;-10.69286305
6.604;5.386;-10.41917828
6.604;5.385;-10.47034608
6.604;5.387;-10.20189182
6.604;5.383;-10.47034608
6.604;5.387;-10.20189182
6.604;5.391;-10.42403128
6.604;5.389;-10.42872043
6.604;5.387;-10.65043265
6.604;5.387;-10.42872043
6.604;5.386;-10.47034608
6.604;5.383;-10.42403128
6.604;5.386;-10.69286305
6.604;5.384;-10.42403128
6.604;5.384;-10.46560057
6.604;5.384;-10.38741875
6.604;5.389;-10.42403128
6.604;5.384;-10.46560057
6.604;5.387;-10.65043265
6.604;5.386;-10.42872043
6.604;5.383;-10.38741875
6.604;5.386;-10.47034608
6.604;5.389;-10.41917828
6.604;5.389;-10.42403128
6.604;5.384;-10.42403128
6.604;5.389;-10.65043265
6.604;5.39;-10.42872043
6.604;5.384;-10.71121605
6.604;5.386;-11.6342839
6.604;5.391;-11.04298733
6.604;5.383;-12.5370349
6.604;5.381;-12.54455637
6.604;5.371;-13.31427668
6.604;5.534;-5.776477283
6.604;5.543;-5.546888926
6.604;5.547;-5.798966503
6.604;5.561;-5.798966503
6.604;5.569;-6.005879659
6.604;5.575;-5.799774555
6.604;5.581;-5.981863391
6.604;5.596;-5.524684247
6.604;5.596;-5.775678928
6.604;5.609;-5.798966503
6.604;5.62;-5.774787041
6.604;5.627;-5.752576894
6.604;5.634;-5.56995744
6.604;5.643;-5.799774555
6.604;5.648;-5.776477283
6.604;5.661;-5.776477283
6.604;5.674;-5.753365705
6.604;5.677;-5.776477283
6.604;5.684;-6.005879659
6.604;5.696;-5.52392639
6.604;5.702;-5.776477283
6.604;5.71;-5.775678928
6.604;5.718;-5.798966503
6.604;5.729;-6.005879659
6.604;5.74;-5.524684247
6.604;5.739;-5.981863391
6.604;5.75;-5.524684247
6.604;5.762;-5.546888926
6.604;5.769;-6.005879659
6.604;5.781;-5.546888926
6.604;5.792;-5.798966503
6.604;5.802;-5.775678928
6.604;5.807;-5.981863391
6.604;5.817;-5.775678928
6.604;5.822;-6.005879659
6.604;5.836;-5.546888926
6.604;5.852;-5.774787041
6.604;5.863;-5.524684247
6.604;5.88;-6.006611948
6.604;5.886;-6.235088935
6.604;5.897;-5.981863391
6.604;5.903;-5.524684247
6.604;5.897;-5.52392639
6.604;5.899;-5.753365705
6.604;5.905;-5.29509926
6.604;5.9;-5.546888926
6.604;5.897;-5.752576894
6.604;5.899;-5.799774555
6.604;5.895;-5.798966503
6.604;5.899;-6.210170267
6.604;5.899;-5.546888926
6.604;5.896;-5.775678928
6.604;5.9;-5.546888926
6.604;5.895;-5.546888926
6.604;5.896;-5.798063785
6.604;5.896;-5.546888926
6.604;5.899;-5.776477283
6.604;5.899;-5.547565981
6.604;5.899;-6.03008873
6.604;5.9;-5.775678928
6.604;5.897;-5.752576894
6.604;5.9;-5.776477283
6.604;5.899;-6.005879659
6.604;5.9;-5.546888926
6.604;5.899;-5.546888926
6.604;5.903;-5.981863391
6.604;5.895;-5.547565981
6.604;5.893;-5.752576894
6.604;5.902;-5.568495803
6.604;5.899;-5.776477283
6.604;5.902;-5.524684247
6.604;5.9;-5.524684247
6.604;5.902;-5.775678928
6.604;5.9;-5.546888926
6.604;5.897;-6.005879659
6.604;5.903;-5.752576894
6.604;5.896;-5.752576894
6.604;5.9;-5.546888926
6.604;5.897;-5.524684247
6.604;5.9;-5.776477283
6.604;5.9;-5.776477283
6.604;5.906;-5.776477283
6.604;5.895;-5.047182748
6.604;5.9;-7.399652514
6.604;5.902;-7.172437145
6.604;5.897;-6.233266545
6.604;5.895;-4.118156872
6.604;5.899;-1.609664996
6.604;5.896;-1.916983668
6.604;5.903;-1.622482191
6.604;5.913;-1.615478229
6.604;5.927;-1.622482191
6.604;5.936;-1.838995214
6.604;5.952;-1.609470573
6.604;5.96;-1.838995214
6.604;5.967;-1.61595021
6.604;5.978;-1.609470573
6.604;5.989;-0.708881578
6.604;6;-4.068437708
6.604;6.009;-2.138020697
6.604;6.02;-1.622004464
6.604;6.027;-1.384792972
6.604;6.043;-1.149436734
6.604;6.049;-1.384792972
6.604;6.067;-1.379242677
6.604;6.076;-1.384792972
6.604;6.086;-1.384792972
6.604;6.096;-1.384792972
6.604;6.112;-1.384792972
6.604;6.128;-1.384792972
6.604;6.134;-1.609004245
6.604;6.149;-1.615478229
6.604;6.159;-1.61595021
6.604;6.173;-1.379242677
6.604;6.18;-1.379242677
6.604;6.198;-1.154240764
6.604;6.206;-1.608732407
6.604;6.213;-1.385197613
6.604;6.226;-1.384792972
6.604;6.237;-1.379242677
6.604;6.255;-1.379242677
6.604;6.262;-1.615727279
6.604;6.272;-1.379242677
6.604;6.284;-1.384792972
6.604;6.299;-1.615727279
6.604;6.314;-1.154240764
6.604;6.325;-1.615203098
6.604;6.34;-1.154062802
6.604;6.347;-1.379242677
6.604;6.364;-1.615478229
6.604;6.38;-1.390388073
6.604;6.387;-1.384792972
6.604;6.398;-0.92329519
6.604;6.405;-1.615727279
6.604;6.417;-1.84579675
6.604;6.431;-1.149436734
6.604;6.444;-1.379242677
6.604;6.454;-1.390388073
6.604;6.469;-1.384557095
6.604;6.484;-1.384792972
6.604;6.497;-1.379009625
6.604;6.502;-1.384792972
6.604;6.517;-1.379242677
6.604;6.533;-1.379242677
6.604;6.544;-1.384792972
6.604;6.559;-1.379009625
6.604;6.567;-1.384557095
6.604;6.581;-1.379242677
6.604;6.592;-1.384792972
6.604;6.593;-1.384792972
6.604;6.601;-1.14484757
6.604;6.597;-1.615478229
6.604;6.596;-1.615727279
6.604;6.597;-1.379242677
6.604;6.599;-1.379242677
6.604;6.599;-1.379242677
6.604;6.603;-1.384792972
6.604;6.603;-1.37964247
6.604;6.603;-1.154062802
6.604;6.604;-1.384557095
6.604;6.606;-2.06801544
6.604;6.607;-1.145533815
6.604;6.604;0.465424712
6.604;6.606;0
6.604;6.608;-0.236362881
6.604;6.608;1.160169604
6.604;6.618;1.160169604
6.604;6.626;1.155507605
6.604;6.632;1.155507605
6.604;6.642;1.386989029
6.604;6.652;2.290884672
6.604;6.662;1.155893176
6.604;6.666;2.532576049
6.604;6.678;2.53595654
6.604;6.685;2.527886326
6.604;6.701;2.538011922
6.604;6.716;2.083657349
6.604;6.727;2.083657349
6.604;6.738;2.30662897
6.604;6.746;2.53595654
6.604;6.76;2.53700416
6.604;6.775;2.325244958
6.604;6.778;2.546138261
6.604;6.79;2.315899768
6.604;6.802;2.30662897
6.604;6.819;2.307545428
6.604;6.826;2.54821852
6.604;6.845;2.30662897
6.604;6.852;2.53595654
6.604;6.868;2.0770042
6.604;6.879;2.546138261
6.604;6.893;2.997500984
6.604;6.907;2.547198556
6.604;6.916;2.546138261
6.604;6.931;2.54821852
6.604;6.942;2.075321433
6.604;6.955;2.075321433
6.604;6.966;2.547198556
6.604;6.973;2.30662897
6.604;6.99;2.53595654
6.604;7.003;2.558507091
6.604;7.01;2.53595654
6.604;7.028;2.54821852
6.604;7.037;2.538011922
6.604;7.051;2.546138261
6.604;7.068;2.315899768
6.604;7.079;2.538011922
6.604;7.095;2.54821852
6.604;7.104;2.30662897
6.604;7.117;2.315899768
6.604;7.128;2.325244958
6.604;7.146;2.54821852
6.604;7.159;2.083657349
6.604;7.167;2.315899768
6.604;7.181;2.316827326
6.604;7.193;2.30662897
6.604;7.206;2.546138261
6.604;7.217;2.315899768
6.604;7.245;2.075321433
6.604;7.255;2.316827326
6.604;7.267;2.538011922
6.604;7.274;2.547198556
6.604;7.297;2.075321433
6.604;7.312;2.0770042
6.604;7.315;2.315899768
6.604;7.325;2.315899768
6.604;7.326;2.53595654
6.604;7.332;2.547198556
6.604;7.338;2.30662897
6.604;7.338;2.556401553
6.604;7.341;2.547198556
6.604;7.348;2.54821852
6.604;7.347;2.538011922
6.604;7.351;2.30662897
6.604;7.357;2.53595654
6.604;7.351;2.075321433
6.604;7.354;2.54821852
6.604;7.348;1.852311215
6.604;7.352;2.558507091
6.604;7.347;2.53700416
6.604;7.352;2.307545428
6.604;7.349;2.538011922
6.604;7.354;2.304687446
6.604;7.355;2.30662897
6.604;7.352;2.53595654
6.604;7.355;2.315899768
6.604;7.352;2.53595654
6.604;7.354;2.558507091
6.604;7.352;2.0770042
6.604;7.352;2.30662897
6.604;7.352;2.092060092
6.604;7.347;2.085360491
6.604;7.355;2.546138261
6.604;7.349;2.085360491
6.604;7.354;0.475718503
6.604;7.352;2.538011922
6.604;7.352;2.315899768
6.604;7.344;2.30662897
6.604;7.347;2.54821852
6.604;7.351;2.53595654
6.604;7.348;2.525855426
6.604;7.348;2.30662897
6.604;7.347;2.315899768
6.604;7.352;2.53700416
6.604;7.351;2.315899768
6.604;7.349;2.547198556
6.604;7.345;2.53595654
6.604;7.355;2.54821852
6.604;7.352;2.53700416
6.604;7.357;2.30662897
6.604;7.347;2.29833722
6.604;7.349;2.30662897
6.604;7.352;2.546138261
6.604;7.352;2.556401553
6.604;7.345;2.538011922
6.604;7.348;2.315899768
6.604;7.352;2.556401553
6.604;7.347;2.546138261
6.604;7.354;2.53700416
6.604;7.345;2.53595654
6.604;7.349;2.325244958
6.604;7.355;2.53595654
6.604;7.349;2.546138261
6.604;7.351;2.54821852
6.604;7.349;2.307545428
6.604;7.349;2.54821852
6.604;7.351;2.54821852
6.604;7.352;2.315899768
6.604;7.355;3.180905023
6.604;7.348;2.506902032
6.604;7.358;2.53700416
6.604;7.345;3.896718527
6.604;7.354;2.809602853
6.604;7.355;4.397269732
6.604;7.365;4.164463495
6.604;7.372;4.646289283
6.604;7.383;4.625273762
6.604;7.394;4.377459023
6.604;7.399;4.394939839
6.604;7.407;4.397269732
6.604;7.412;4.394939839
6.604;7.427;3.933852065
6.604;7.432;4.412559265
6.604;7.435;4.397269732
6.604;7.444;4.394939839
6.604;7.446;4.394939839
6.604;7.461;4.377459023
6.604;7.474;4.412559265
6.604;7.478;4.412559265
6.604;7.488;4.394939839
6.604;7.492;4.392542129
6.604;7.502;4.394939839
6.604;7.508;4.410132618
6.604;7.522;4.410132618
6.604;7.528;4.392542129
6.604;7.535;4.162190614
6.604;7.553;4.394939839
6.604;7.552;4.178865353
6.604;7.559;4.412559265
6.604;7.569;4.412559265
6.604;7.576;4.377459023
6.604;7.583;4.145646916
6.604;7.591;4.394939839
6.604;7.6;4.394939839
6.604;7.612;4.377459023
6.604;7.625;4.164463495
6.604;7.634;4.377459023
6.604;7.639;4.162190614
6.604;7.651;4.412559265
6.604;7.653;4.394939839
6.604;7.665;4.164463495
6.604;7.671;4.178865353
6.604;7.687;4.394939839
6.604;7.695;4.394939839
6.604;7.698;3.933852065
6.604;7.709;4.394939839
6.604;7.718;4.412559265
6.604;7.725;4.390076943
6.604;7.729;4.392542129
6.604;7.74;4.195672678
6.604;7.749;3.965544466
6.604;7.758;4.392542129
6.604;7.765;4.392542129
6.604;7.768;4.390076943
6.604;7.78;4.37976121
6.604;7.791;4.407637714
6.604;7.803;4.407637714
6.604;7.812;4.162190614
6.604;7.819;4.178865353
6.604;7.83;4.392542129
6.604;7.84;4.392542129
6.604;7.846;4.394939839
6.604;7.854;4.410132618
6.604;7.843;4.377459023
6.604;7.858;3.949635374
6.604;7.854;4.392542129
6.604;7.85;4.162190614
6.604;7.854;4.394939839
6.604;7.854;4.412559265
6.604;7.85;4.178865353
6.604;7.844;4.410132618
6.604;7.848;4.162190614
6.604;7.848;4.162190614
6.604;7.844;4.390076943
6.604;7.85;4.178865353
6.604;7.847;4.164463495
6.604;7.85;4.412559265
6.604;7.851;4.397269732
6.604;7.851;4.178865353
6.604;7.85;4.164463495
6.604;7.854;4.394939839
6.604;7.844;4.412559265
6.604;7.851;4.414917308
6.604;7.85;4.394939839
6.604;7.839;3.949635374
6.604;7.846;4.394939839
6.604;7.848;4.162190614
6.604;7.846;4.606884523
6.604;7.852;4.394939839
6.604;7.854;4.392542129
6.604;7.846;4.410132618
6.604;7.848;4.178865353
6.604;7.851;4.394939839
6.604;7.846;4.410132618
6.604;7.844;4.162190614
6.604;7.846;4.430318938
6.604;7.852;4.394939839
6.604;7.848;4.162190614
6.604;7.854;4.390076943
6.604;7.851;4.162190614
6.604;7.848;4.412559265
6.604;7.85;4.164463495
6.604;7.844;4.178865353
6.604;7.85;3.949635374
6.604;7.855;4.394939839
6.604;7.846;4.410132618
6.604;7.854;4.183400968
6.604;7.851;4.394939839
6.604;7.855;4.183400968
6.604;7.852;4.394939839
6.604;7.852;4.145646916
6.604;7.852;4.412559265
6.604;7.854;4.377459023
6.604;7.848;4.412559265
6.604;7.85;3.933852065
6.604;7.847;4.410132618
6.604;7.847;4.392542129
6.604;7.855;3.949635374
6.604;7.848;4.394939839
6.604;7.847;4.394939839
6.604;7.851;4.162190614
6.604;7.844;4.162190614
6.604;7.85;4.412559265
6.604;7.85;4.200263301
6.604;7.844;4.178865353
6.604;7.847;4.162190614
6.604;7.851;4.394939839
6.604;7.848;4.407637714
6.604;7.85;4.394939839
6.604;7.844;4.407637714
6.604;7.847;4.412559265
6.604;7.843;4.390076943
6.604;7.844;4.414917308
6.604;7.844;3.933852065
6.604;7.841;4.410132618
6.604;7.846;4.178865353
6.604;7.848;4.412559265
6.604;7.844;4.394939839
6.604;7.846;4.604392166
6.604;7.847;4.412559265
6.604;7.846;4.394939839
6.604;7.85;4.412559265
6.604;7.844;4.394939839
6.604;7.848;4.407637714
6.604;7.848;4.430318938
6.604;7.848;4.193279017
6.604;7.844;4.412559265
6.604;7.846;4.183400968
6.604;7.848;4.394939839
6.604;7.848;4.178865353
6.604;7.85;4.178865353
6.604;7.847;4.162190614
6.604;7.852;4.410132618
6.604;7.852;4.412559265
6.604;7.855;4.145646916
6.604;7.847;4.394939839
6.604;7.852;4.392542129
6.604;7.854;4.392542129
6.604;7.852;4.397269732
6.604;7.851;4.394939839
6.604;7.851;4.410132618
6.604;7.854;4.407637714
6.604;7.847;4.394939839
6.604;7.857;4.410132618
6.604;7.851;4.392542129
6.604;7.854;4.162190614
6.604;7.851;4.195672678
6.604;7.854;4.392542129
6.604;7.852;4.178865353
6.604;7.854;4.162190614
6.604;7.852;4.178865353
6.604;7.855;4.394939839
6.604;7.851;4.183400968
6.604;7.851;4.390076943
6.604;7.85;4.407637714
6.604;7.854;4.394939839
6.604;7.854;4.394939839
6.604;7.851;4.392542129
6.604;7.851;4.397269732
6.604;7.857;4.394939839
6.604;7.854;4.412559265
6.604;7.847;4.410132618
6.604;7.857;4.410132618
6.604;7.852;4.430318938
6.604;7.852;4.394939839
6.604;7.847;4.394939839
6.604;7.855;4.394939839
6.604;7.857;4.643808721
6.604;7.855;4.394939839
6.604;7.851;4.392542129
6.604;7.851;4.394939839
6.604;7.847;4.412559265
6.604;7.85;4.410132618
6.604;7.844;4.162190614
6.604;7.847;4.392542129
6.604;7.848;4.394939839
6.604;7.852;4.412559265
6.604;7.848;4.425337789
6.604;7.843;3.933852065
6.604;7.847;4.394939839
6.604;7.843;4.410132618
6.604;7.844;4.625273762
6.604;7.846;4.394939839
6.604;7.847;4.394939839
6.604;7.848;4.394939839
6.604;7.851;3.933852065
6.604;7.854;4.427862889
6.604;7.855;4.178865353
6.604;7.852;4.414917308
6.604;7.85;4.390076943
6.604;7.851;4.98512617
6.604;7.846;0.925845675
6.604;7.839;1.610469359
6.604;7.826;2.339038642
6.604;7.822;1.175539415
6.604;7.803;2.53700416
6.604;7.806;4.624256814
6.604;7.794;3.477621805
6.604;7.787;4.643808721
6.604;7.785;7.459404814
6.604;7.783;8.347371087
6.604;7.798;8.150827865
6.604;7.81;8.482513335
6.604;7.825;8.83842685
6.604;7.839;8.83842685
6.604;7.852;8.830935092
6.604;7.869;8.60936788
6.604;7.883;8.594638055
6.604;7.902;8.830935092
6.604;7.914;8.542008097
6.604;7.935;8.830935092
6.604;7.942;8.60936788
6.604;7.962;8.602064326
6.604;7.975;8.830935092
6.604;7.992;9.031653879
6.604;7.992;8.60936788
6.604;8.026;8.60936788
6.604;8.04;8.83842685
6.604;8.056;8.616547713
6.604;8.066;8.628530301
6.604;8.085;9.031653879
6.604;8.101;8.60936788
6.604;8.115;8.830935092
6.604;8.134;8.830935092
6.604;8.146;9.103020905
6.604;8.159;8.60936788
6.604;8.181;8.803747382
6.604;8.193;8.594638055
6.604;8.204;8.60936788
6.604;8.224;9.067201389
6.604;8.237;9.031653879
6.604;8.256;8.575559736
6.604;8.267;8.803747382
6.604;8.286;8.796343396
6.604;8.301;8.60936788
6.604;8.32;8.865791125
6.604;8.333;8.830935092
6.604;8.347;8.830935092
6.604;8.364;8.575559736
6.604;8.375;9.016347462
6.604;8.393;8.60936788
6.604;8.414;8.83842685
6.604;8.432;8.60936788
6.604;8.44;8.830935092
6.604;8.454;8.830935092
6.604;8.472;8.561002474
6.604;8.492;8.60936788
6.604;8.503;8.83842685
6.604;8.52;9.067201389
6.604;8.539;8.83842685
6.604;8.551;8.830935092
6.604;8.561;8.60936788
6.604;8.584;8.602064326
6.604;8.613;9.067201389
6.604;8.654;8.796343396
6.604;8.675;9.067201389
6.604;8.697;8.830935092
6.604;8.72;8.643435382
6.604;8.745;9.067201389
6.604;8.764;8.762013144
6.604;8.788;8.796343396
6.604;8.792;8.830935092
6.604;8.796;8.796343396
6.604;8.793;8.796343396
6.604;8.799;8.83842685
6.604;8.792;8.575559736
6.604;8.786;9.031653879
6.604;8.796;8.575559736
6.604;8.801;8.60936788
6.604;8.794;8.796343396
6.604;8.793;8.575559736
6.604;8.796;8.83842685
6.604;8.794;8.830935092
6.604;8.79;9.031653879
6.604;8.793;8.830935092
6.604;8.79;8.796343396
6.604;8.792;9.103020905
6.604;8.793;9.074750523
6.604;8.793;8.602064326
6.604;8.789;8.582655244
6.604;8.796;8.643435382
6.604;8.802;8.594638055
6.604;8.793;8.60936788
6.604;8.789;8.83842685
6.604;8.789;8.60936788
6.604;8.785;8.594638055
6.604;8.792;8.575559736
6.604;8.796;8.83842685
6.604;8.801;8.568341817
6.604;8.795;8.830935092
6.604;8.796;8.602064326
6.604;8.79;8.60936788
6.604;8.798;8.643435382
6.604;8.795;8.60936788
6.604;8.789;8.830935092
6.604;8.791;8.60936788
6.604;8.789;8.796343396
6.604;8.793;9.067201389
6.604;8.798;8.575559736
6.604;8.798;6.92631634
6.604;8.796;10.18331343
6.604;8.799;10.78960861
6.604;8.793;8.786229197
6.604;8.798;11.19455618
6.604;8.795;11.18335049
6.604;8.788;11.16205095
6.604;8.791;11.18335049
6.604;8.793;11.18335049
6.604;8.798;11.14004997
6.604;8.792;11.18335049
6.604;8.792;11.38857639
6.604;8.789;11.14004997
6.604;8.788;11.14004997
6.604;8.795;10.91359562
6.604;8.798;11.18335049
6.604;8.789;10.6867956
6.604;8.799;10.96704896
6.604;8.795;11.18335049
6.604;8.798;11.19455618
6.604;8.795;11.14004997
6.604;8.789;11.12882478
6.604;8.786;10.96704896
6.604;8.796;10.72841921
6.604;8.799;11.20560957
6.604;8.793;11.18335049
6.604;8.796;11.18335049
6.604;8.789;10.96704896
6.604;8.795;11.18335049
6.604;8.793;11.17199402
6.604;8.795;11.19455618
6.604;8.794;11.18335049
6.604;8.796;11.14004997
6.604;8.793;11.14004997
6.604;8.792;11.14004997
6.604;8.796;11.14004997
6.604;8.792;10.96704896
6.604;8.792;11.20560957
6.604;8.796;11.14004997
6.604;8.79;11.41028536
6.604;8.792;11.14004997
6.604;8.791;10.88218075
6.604;8.792;11.18335049
6.604;8.792;10.91359562
6.604;8.793;11.14004997
6.604;8.796;11.18335049
6.604;8.792;10.92445749
6.604;8.802;10.96704896
6.604;8.79;11.18335049
6.604;8.799;11.0099585
6.604;8.786;11.14004997
6.604;8.791;11.14004997
6.604;8.788;11.18335049
6.604;8.795;11.18335049
6.604;8.793;11.18335049
6.604;8.796;11.09706791
6.604;8.803;11.14004997
6.604;8.802;11.14004997
6.604;8.805;10.96704896
6.604;8.804;11.15112585
6.604;8.801;11.18335049
6.604;8.798;11.23831032
6.604;8.795;11.15112585
6.604;8.802;11.23831032
6.604;8.808;11.14004997
6.604;8.808;10.91359562
6.604;8.799;10.91359562
6.604;8.802;11.14004997
6.604;8.801;11.18335049
6.604;8.795;10.72841921
6.604;8.802;10.96704896
6.604;8.804;11.22697285
6.604;8.802;11.19455618
6.604;8.801;10.92445749
6.604;8.792;10.6867956
6.604;8.806;11.18335049
6.604;8.805;11.17199402
6.604;8.803;11.16205095
6.604;8.805;11.14004997
6.604;8.802;11.41028536
6.604;8.803;11.18335049
6.604;8.805;11.12882478
6.604;8.802;11.22697285
6.604;8.795;11.18335049
6.604;8.798;11.18335049
6.604;8.802;11.14004997
6.604;8.802;11.16205095
6.604;8.803;10.88218075
6.604;8.804;11.19455618
6.604;8.799;10.49052163
6.604;8.801;9.950487167
6.604;8.795;4.484456182
6.604;8.795;7.408323349
6.604;8.799;10.30390135
6.604;8.779;8.773388115
6.604;8.782;8.628530301
6.604;8.784;8.60936788
6.604;8.784;8.803747382
6.604;8.785;8.96865062
6.604;8.789;8.60936788
6.604;8.781;8.602064326
6.604;8.789;8.796343396
6.604;8.79;8.60936788
6.604;8.789;9.067201389
6.604;8.786;8.830935092
6.604;8.786;8.796343396
6.604;8.788;9.067201389
6.604;8.781;8.602064326
6.604;8.782;8.83842685
6.604;8.781;8.575559736
6.604;8.785;8.830935092
6.604;8.782;9.103020905
6.604;8.782;8.60936788
6.604;8.784;8.568341817
6.604;8.781;8.60936788
6.604;8.779;8.575559736
6.604;8.782;8.60936788
6.604;8.779;8.803747382
6.604;8.778;8.830935092
6.604;8.781;9.031653879
6.604;8.785;8.568341817
6.604;8.775;8.575559736
6.604;8.781;8.83842685
6.604;8.781;8.602064326
6.604;8.781;8.830935092
6.604;8.774;8.83842685
6.604;8.782;8.796343396
6.604;8.778;8.60936788
6.604;8.779;9.251498536
6.604;8.771;8.796343396
6.604;8.778;8.60936788
6.604;8.781;8.628530301
6.604;8.784;5.866813001
6.604;8.775;8.515640872
6.604;8.781;4.193591001
6.604;8.777;-0.239202839
6.604;8.757;19.62622736
6.604;8.734;4.367583248
6.604;8.717;0.457173048
6.604;8.699;0.701826554
6.604;8.671;1.619041397
6.604;8.639;1.623452211
6.604;8.613;1.855222003
6.604;8.584;1.855222003
6.604;8.562;1.847100143
6.604;8.531;1.847100143
6.604;8.505;1.622230005
6.604;8.477;1.847775396
6.604;8.458;1.616934835
6.604;8.425;1.847100143
6.604;8.395;1.853825539
6.604;8.372;1.853083057
6.604;8.351;1.616934835
6.604;8.337;1.862036835
6.604;8.315;1.854538556
6.604;8.288;1.847775396
6.604;8.263;1.847775396
6.604;8.234;1.854538556
6.604;8.201;1.855222003
6.604;8.181;1.622230005
6.604;8.157;1.623452211
6.604;8.127;1.855222003
6.604;8.105;1.616934835
6.604;8.079;1.862036835
6.604;8.056;1.846395668
6.604;8.024;1.846395668
6.604;8.002;1.391116442
6.604;7.975;1.615727279
6.604;7.952;1.853825539
6.604;7.928;1.623452211
6.604;7.899;1.855222003
6.604;7.872;1.854538556
6.604;7.846;1.854538556
6.604;7.81;2.086931076
6.604;7.794;2.077796515
6.604;7.769;1.855222003
6.604;7.749;1.855222003
6.604;7.723;1.855222003
6.604;7.695;1.854538556
6.604;7.664;1.853825539
6.604;7.642;1.615727279
6.604;7.619;1.847775396
6.604;7.59;1.854538556
6.604;7.564;1.853083057
6.604;7.545;1.855222003
6.604;7.513;2.086162412
6.604;7.495;1.623452211
6.604;7.467;1.623452211
6.604;7.435;1.853825539
6.604;7.415;1.862036835
6.604;7.394;1.847775396
6.604;7.369;1.855222003
6.604;7.337;1.854538556
6.604;7.319;1.846395668
6.604;7.288;1.855222003
6.604;7.27;2.077796515
6.604;7.266;1.854538556
6.604;7.266;1.854538556
6.604;7.252;1.853825539
6.604;7.243;1.847100143
6.604;7.244;1.622230005
6.604;7.243;1.846395668
6.604;7.249;1.622230005
6.604;7.243;1.862036835
6.604;7.24;1.623452211
6.604;7.243;1.616934835
6.604;7.247;1.386041755
6.604;7.247;1.847775396
6.604;7.24;1.615085227
6.604;7.247;1.853825539
6.604;7.244;1.854538556
6.604;7.243;1.616934835
6.604;7.238;1.616934835
6.604;7.245;1.854538556
6.604;7.24;1.847775396
6.604;7.241;1.623452211
6.604;7.236;1.847775396
6.604;7.244;1.854538556
6.604;7.24;1.847100143
6.604;7.247;1.854538556
6.604;7.245;1.862036835
6.604;7.254;1.622230005
6.604;7.249;1.847775396
6.604;7.245;1.855222003
6.604;7.244;1.854538556
6.604;7.238;2.086162412
6.604;7.248;1.847100143
6.604;7.243;1.616934835
6.604;7.254;1.854538556
6.604;7.243;1.854538556
6.604;7.249;1.854538556
6.604;7.247;1.847775396
6.604;7.248;1.385535085
6.604;7.247;1.616934835
6.604;7.238;1.615727279
6.604;7.245;1.846395668
6.604;7.244;1.847100143
6.604;7.24;2.077796515
6.604;7.241;1.847775396
6.604;7.238;1.845662073
6.604;7.244;1.855222003
6.604;7.243;1.846395668
6.604;7.241;1.847100143
6.604;7.247;1.847775396
6.604;7.248;1.623452211
6.604;7.238;1.847775396
6.604;7.244;1.847775396
6.604;7.247;1.854538556
6.604;7.245;1.622230005
6.604;7.244;1.854538556
6.604;7.24;1.854538556
6.604;7.243;1.847775396
6.604;7.244;1.847775396
6.604;7.247;1.853825539
6.604;7.241;1.854538556
6.604;7.243;1.854538556
6.604;7.243;1.391116442
6.604;7.243;1.854538556
6.604;7.243;1.615727279
6.604;7.243;1.622230005
6.604;7.237;1.855222003
6.604;7.244;1.623452211
6.604;7.245;1.847100143
6.604;7.247;1.833059336
6.604;7.238;-0.233004666
6.604;7.243;0.928493602
6.604;7.241;0.925332379
6.604;7.24;0.696619882
6.604;7.228;0.924759704
6.604;7.22;0.462409967
6.604;7.22;0.924759704
6.604;7.214;0.928493602
6.604;7.211;0.924759704
6.604;7.211;0.928493602
6.604;7.21;0.924759704
6.604;7.213;0.92818135
6.604;7.207;0.693816457
6.604;7.202;0.928493602
6.604;7.198;0.693364724
6.604;7.193;0.928493602
6.604;7.192;0.928493602
6.604;7.187;1.155507605
6.604;7.187;0.928493602
6.604;7.18;1.156260297
6.604;7.18;0.924759704
6.604;7.181;0.924759704
6.604;7.177;0.462409967
6.604;7.17;0.924759704
6.604;7.167;0.928493602
6.604;7.166;0.924759704
6.604;7.162;0.928493602
6.604;7.159;0.921055616
6.604;7.163;1.155893176
6.604;7.15;0.693816457
6.604;7.15;0.693816457
6.604;7.146;0.693364724
6.604;7.14;0.696619882
6.604;7.143;0.693816457
6.604;7.139;0.924759704
6.604;7.135;0.928493602
6.604;7.129;0.696162655
6.604;7.122;0.924759704
6.604;7.128;0.693816457
6.604;7.126;0.924759704
6.604;7.113;1.16093145
6.604;7.12;0.924759704
6.604;7.111;1.16093145
6.604;7.115;0.928493602
6.604;7.107;0.696619882
6.604;7.107;0.693364724
6.604;7.103;0.924759704
6.604;7.102;0.690817746
6.604;7.1;0.924759704
6.604;7.099;0.924759704
6.604;7.093;0.924759704
6.604;7.089;0.928493602
6.604;7.09;0.924759704
6.604;7.084;0.928493602
6.604;7.086;1.156260297
6.604;7.08;0.924759704
6.604;7.076;0.928493602
6.604;7.073;0.928493602
6.604;7.066;0.924759704
6.604;7.065;0.696162655
6.604;7.068;0.928493602
6.604;7.064;0.928493602
6.604;7.066;0.928493602
6.604;7.068;0.696162655
6.604;7.061;0.696162655
6.604;7.057;1.160559863
6.604;7.057;0.924759704
6.604;7.053;1.156260297
6.604;7.057;1.160559863
6.604;7.064;0.929073247
6.604;7.054;0.921055616
6.604;7.059;0.693816457
6.604;7.062;0.693364724
6.604;7.058;0.929073247
6.604;7.054;0.924759704
6.604;7.055;0.924759704
6.604;7.061;0.693816457
6.604;7.054;1.155893176
6.604;7.061;1.151263742
6.604;7.058;0.924759704
6.604;7.058;0.924759704
6.604;7.055;0.928493602
6.604;7.059;1.160559863
6.604;7.054;0.924759704
6.604;7.05;1.156260297
6.604;7.057;0.924759704
6.604;7.054;0.924759704
6.604;7.055;1.155893176
6.604;7.061;1.16093145
6.604;7.058;0.693364724
6.604;7.057;0.924759704
6.604;7.055;0.696619882
6.604;7.058;0.928493602
6.604;7.054;0.693364724
6.604;7.053;1.151626469
6.604;7.05;0.924759704
6.604;7.061;0.696619882
6.604;7.051;0.696162655
6.604;7.058;0.924759704
6.604;7.059;1.156260297
6.604;7.059;0.693816457
6.604;7.055;1.156260297
6.604;7.055;0.693364724
6.604;7.059;1.155893176
6.604;7.053;0.924759704
6.604;7.057;0.924759704
6.604;7.057;1.16093145
6.604;7.053;1.16093145
6.604;7.058;0.924759704
6.604;7.05;0.696162655
6.604;7.053;1.155893176
6.604;7.058;0.928493602
6.604;7.051;1.165640378
6.604;7.058;0.928493602
6.604;7.058;1.160559863
6.604;7.055;1.16093145
6.604;7.057;0.924759704
6.604;7.054;0.924759704
6.604;7.057;0.693816457
6.604;7.059;0.925332379
6.604;7.059;0.928493602
6.604;7.059;0.693816457
6.604;7.055;0.696619882
6.604;7.057;0.696619882
6.604;7.055;1.16093145
6.604;7.054;1.156260297
6.604;7.054;0.924759704
6.604;7.054;0.924759704
6.604;7.061;0.696619882
6.604;7.057;0.928493602
6.604;7.054;0.693816457
6.604;7.057;0.924759704
6.604;7.057;0.928493602
6.604;7.057;0.464277282
6.604;7.051;0.928493602
6.604;7.055;0.928493602
6.604;7.053;0.924759704
6.604;7.048;0.696162655
6.604;7.048;1.155893176
6.604;7.055;0.925332379
6.604;7.053;0.92818135
6.604;7.05;0.924759704
6.604;7.053;0.462409967
6.604;7.048;1.160559863
6.604;7.053;0.924451202
6.604;7.053;0.924759704
6.604;7.054;0.693816457
6.604;7.058;0.928493602
6.604;7.05;0.928493602
6.604;7.059;1.156260297
6.604;7.055;0.928493602
6.604;7.05;1.156260297
6.604;7.051;0.924759704
6.604;7.058;1.156260297
6.604;7.051;0.929073247
6.604;7.058;0.693816457
6.604;7.053;1.165640378
6.604;7.057;0.693364724
6.604;7.055;0.928493602
6.604;7.054;0.696619882
6.604;7.053;0.928493602
6.604;7.057;0.928493602
6.604;7.047;0.693816457
6.604;7.055;0.693816457
6.604;7.054;1.156260297
6.604;7.054;1.165264252
6.604;7.054;0.924759704
6.604;7.051;1.160559863
6.604;7.053;0.924759704
6.604;7.057;0.693364724
6.604;7.051;0.693364724
6.604;7.058;0.924759704
6.604;7.053;0.924759704
6.604;7.058;1.155893176
6.604;7.055;1.156260297
6.604;7.055;0.928493602
6.604;7.054;0.693816457
6.604;8.17;1.156260297
8.17;8.179;0.925332379
8.17;8.185;0.921621433
8.17;8.179;1.156260297
8.17;8.187;0.925332379
8.17;8.179;1.16093145
8.17;8.179;0.925332379
8.17;8.181;0.693816457
8.17;8.176;0.693816457
8.17;8.186;0.693816457
8.17;8.182;1.16093145
8.17;8.178;0.925332379
8.17;8.179;1.156608915
8.17;8.185;-0.916764256
8.17;8.181;-2.792333838
8.17;8.178;-1.609470573
8.17;8.165;-2.317471592
8.17;8.156;-1.622681368
8.17;8.143;-1.816574306
8.17;8.137;-3.290237565
8.17;8.132;-1.14105441
8.17;8.116;-2.067217646
8.17;8.107;-1.846650385
8.17;8.098;-1.61595021
8.17;8.092;-0.473504016
8.17;8.078;-1.854948534
8.17;8.076;-1.61595021
8.17;8.064;-2.077290677
8.17;8.056;-1.846650385
8.17;8.052;-0.68192619
8.17;8.044;-1.609470573
8.17;8.031;-1.869829027
8.17;8.027;-2.335363499
8.17;8.019;-1.131614836
8.17;8.003;-2.077290677
8.17;7.997;-2.068364766
8.17;7.996;-2.547427421
8.17;7.98;-2.250119737
8.17;7.98;-1.83924688
8.17;7.963;-3.736428323
8.17;7.957;-4.858980374
8.17;7.944;-4.723809377
8.17;7.933;-2.976485554
8.17;7.918;-3.461141603
8.17;7.913;-3.00056402
8.17;7.903;-3.461001275
8.17;7.886;-3.000442292
8.17;7.873;-3.000271898
8.17;7.861;-3.000271898
8.17;7.85;-3.00056402
8.17;7.835;-3.000271898
8.17;7.826;-3.000442292
8.17;7.822;-3.012393248
8.17;7.805;-2.988247605
8.17;7.792;-2.988415959
8.17;7.781;-3.217647009
8.17;7.776;-3.00056402
8.17;7.759;-3.000271898
8.17;7.751;-3.012565716
8.17;7.739;-3.000442292
8.17;7.727;-3.012688926
8.17;7.716;-3.000442292
8.17;7.703;-3.000442292
8.17;7.696;-3.217647009
8.17;7.677;-3.000442292
8.17;7.671;-3.000271898
8.17;7.656;-3.460804845
8.17;7.642;-3.000442292
8.17;7.636;-3.012565716
8.17;7.621;-3.000442292
8.17;7.611;-2.988415959
8.17;7.603;-3.000442292
8.17;7.587;-3.00056402
8.17;7.579;-2.988415959
8.17;7.561;-2.976485554
8.17;7.561;-3.000442292
8.17;7.552;-3.000442292
8.17;7.555;-2.988415959
8.17;7.55;-3.000442292
8.17;7.54;-3.230590606
8.17;7.548;-3.217647009
8.17;7.542;-3.000442292
8.17;7.54;-2.988247605
8.17;7.538;-2.77001345
8.17;7.54;-2.988415959
8.17;7.53;-3.000442292
8.17;7.535;-3.012565716
8.17;7.53;-3.00056402
8.17;7.522;-3.461001275
8.17;7.516;-3.230905061
8.17;7.519;-3.217647009
8.17;7.517;-3.000442292
8.17;7.516;-2.976485554
8.17;7.508;-3.00056402
8.17;7.502;-2.988415959
8.17;7.496;-3.230590606
8.17;7.497;-2.988247605
8.17;7.498;-3.000271898
8.17;7.486;-2.77001345
8.17;7.488;-3.230905061
8.17;7.485;-2.988415959
8.17;7.477;-3.000442292
8.17;7.483;-2.988536229
8.17;7.485;-3.012393248
8.17;7.481;-2.988536229
8.17;7.481;-3.230905061
8.17;7.481;-2.988415959
8.17;7.481;-2.988415959
8.17;7.482;-3.230905061
8.17;7.486;-3.447137273
8.17;7.482;-3.2179577
8.17;7.483;-2.988247605
8.17;7.479;-3.461001275
8.17;7.485;-3.000442292
8.17;7.483;-2.77001345
8.17;7.486;-3.230590606
8.17;7.484;-3.000442292
8.17;7.482;-3.000442292
8.17;7.483;-3.000442292
8.17;7.482;-3.230590606
8.17;7.482;-3.000442292
8.17;7.479;-3.000442292
8.17;7.482;-2.988415959
8.17;7.486;-2.988415959
8.17;7.485;-2.77001345
8.17;7.482;-2.758907735
8.17;7.475;-3.012688926
8.17;7.483;-5.068764302
8.17;7.485;-9.381899938
8.17;7.485;-4.994437065
8.17;7.461;-4.78192812
8.17;7.466;-5.29702387
8.17;7.46;-5.088343357
8.17;7.455;-5.067944871
8.17;7.452;-5.29702387
8.17;7.444;-5.548649785
8.17;7.437;-5.29702387
8.17;7.432;-5.29702387
8.17;7.434;-5.067944871
8.17;7.422;-5.275883268
8.17;7.419;-5.548152963
8.17;7.412;-5.068395509
8.17;7.408;-5.29702387
8.17;7.411;-5.29702387
8.17;7.41;-5.318334036
8.17;7.397;-5.068395509
8.17;7.396;-5.088799459
8.17;7.388;-5.088799459
8.17;7.39;-5.526424037
8.17;7.378;-5.088343357
8.17;7.37;-5.318334036
8.17;7.368;-5.088799459
8.17;7.364;-5.068395509
8.17;7.351;-5.29702387
8.17;7.36;-5.318334036
8.17;7.347;-5.088343357
8.17;7.341;-5.068395509
8.17;7.341;-5.068395509
8.17;7.334;-5.318334036
8.17;7.325;-5.29702387
8.17;7.322;-5.29702387
8.17;7.319;-5.088343357
8.17;7.312;-5.067944871
8.17;7.312;-5.068395509
8.17;7.311;-5.52593316
8.17;7.308;-5.088343357
8.17;7.293;-5.067944871
8.17;7.291;-5.318334036
8.17;7.288;-5.29702387
8.17;7.281;-5.088343357
8.17;7.28;-5.29702387
8.17;7.27;-5.067944871
8.17;7.259;-5.068395509
8.17;7.267;-5.548649785
8.17;7.262;-5.318334036
8.17;7.254;-5.29702387
8.17;7.243;-5.067944871
8.17;7.241;-5.29702387
8.17;7.23;-5.297879926
8.17;7.228;-5.088343357
8.17;7.224;-5.067944871
8.17;7.22;-5.068395509
8.17;7.215;-5.068395509
8.17;7.206;-5.29702387
8.17;7.204;-5.526424037
8.17;7.202;-5.068395509
8.17;7.192;-5.318334036
8.17;7.187;-5.088343357
8.17;7.181;-5.088343357
8.17;7.192;-5.088799459
8.17;7.185;-5.067944871
8.17;7.191;-5.068395509
8.17;7.192;-5.29702387
8.17;7.185;-5.088343357
8.17;7.187;-5.29702387
8.17;7.191;-5.088343357
8.17;7.185;-5.482892956
8.17;7.191;-8.33448156
8.17;7.178;-7.846000536
8.17;7.182;-8.303761786
8.17;7.177;-8.339384812
8.17;7.171;-8.080644878
8.17;7.18;-8.080644878
8.17;7.174;-7.655108731
8.17;7.163;-7.852691161
8.17;7.158;-8.113050938
8.17;7.154;-8.080644878
8.17;7.148;-7.850586549
8.17;7.146;-7.624487005
8.17;7.142;-7.850586549
8.17;7.14;-7.622442081
8.17;7.14;-8.080644878
8.17;7.137;-7.594107337
8.17;7.129;-7.850586549
8.17;7.126;-7.596006931
8.17;7.117;-7.624487005
8.17;7.111;-7.624487005
8.17;7.11;-7.850586549
8.17;7.115;-7.594107337
8.17;7.104;-7.850586549
8.17;7.1;-7.594107337
8.17;7.099;-7.819345049
8.17;7.094;-8.113050938
8.17;7.092;-8.113050938
8.17;7.089;-7.624487005
8.17;7.079;-7.913817855
8.17;7.081;-7.852691161
8.17;7.075;-7.653039076
8.17;7.066;-7.850586549
8.17;7.065;-7.852691161
8.17;7.059;-7.852691161
8.17;7.061;-7.655108731
8.17;7.053;-7.850586549
8.17;7.044;-8.048494421
8.17;7.047;-8.080644878
8.17;7.036;-7.683880611
8.17;7.033;-7.655108731
8.17;7.033;-7.850586549
8.17;7.026;-7.850586549
8.17;7.014;-7.850586549
8.17;7.015;-8.113050938
8.17;7.009;-7.624487005
8.17;7.005;-8.080644878
8.17;7.005;-7.913817855
8.17;6.994;-7.850586549
8.17;6.991;-7.850586549
8.17;6.99;-7.62027502
8.17;6.984;-7.850586549
8.17;6.977;-7.850586549
8.17;6.979;-7.624487005
8.17;6.967;-7.852691161
8.17;6.972;-7.592086755
8.17;6.97;-7.624487005
8.17;6.958;-7.624487005
8.17;6.953;-8.080644878
8.17;6.95;-7.852691161
8.17;6.948;-8.080644878
8.17;6.946;-7.850586549
8.17;6.938;-8.080644878
8.17;6.938;-7.850586549
8.17;6.941;-7.624487005
8.17;6.941;-7.852691161
8.17;6.935;-8.048494421
8.17;6.935;-7.821424628
8.17;6.939;-7.884206548
8.17;6.932;-7.624487005
8.17;6.934;-7.850586549
8.17;6.931;-7.624487005
8.17;6.931;-7.850586549
8.17;6.934;-7.852691161
8.17;6.935;-7.624487005
8.17;6.935;-7.624487005
8.17;6.938;-7.882076501
8.17;6.941;-7.624487005
8.17;6.936;-7.624487005
8.17;6.938;-8.080644878
8.17;6.939;-7.821424628
8.17;6.941;-7.653039076
8.17;6.945;-8.080644878
8.17;6.936;-7.850586549
8.17;6.932;-8.113050938
8.17;6.935;-7.655108731
8.17;6.938;-7.594107337
8.17;6.938;-7.852691161
8.17;6.941;-8.113050938
8.17;6.936;-7.624487005
8.17;6.939;-7.850586549
8.17;6.932;-7.850586549
8.17;6.935;-8.080644878
8.17;6.936;-7.850586549
8.17;6.931;-7.624487005
8.17;6.938;-7.882076501
8.17;6.943;-7.850586549
8.17;6.934;-7.655108731
8.17;6.936;-7.624487005
8.17;6.934;-7.624487005
8.17;6.938;-7.852691161
8.17;6.935;-7.852691161
8.17;6.938;-7.884206548
8.17;6.938;-7.624487005
8.17;6.934;-8.080644878
8.17;6.932;-8.49960932
8.17;6.932;-11.261956
8.17;6.932;-10.50252624
8.17;6.932;-8.976390605
8.17;6.931;-9.269567352
8.17;6.932;-8.973277736
8.17;6.934;-10.68346749
8.17;6.932;-10.16582791
8.17;6.925;-9.52363541
8.17;6.935;-9.720671048
8.17;6.935;-9.459406428
8.17;6.928;-9.720671048
8.17;6.928;-10.10131406
8.17;6.925;-7.414522466
8.17;6.925;-9.081343382
8.17;6.928;-9.051268247
8.17;6.932;-9.045037034
8.17;6.923;-9.005723044
8.17;6.925;-9.045037034
8.17;6.923;-9.009016257
8.17;6.92;-9.276247024
8.17;6.919;-9.313475839
8.17;6.916;-9.19614221
8.17;6.92;-9.269567352
8.17;6.913;-9.276247024
8.17;6.91;-9.239310971
8.17;6.919;-9.045037034
8.17;6.914;-9.051268247
8.17;6.91;-9.276247024
8.17;6.909;-8.781662728
8.17;6.907;-8.781662728
8.17;6.905;-9.045037034
8.17;6.906;-9.269567352
8.17;6.91;-9.045037034
8.17;6.909;-9.232710721
8.17;6.909;-9.009016257
8.17;6.9;-9.041704174
8.17;6.896;-9.009016257
8.17;6.896;-9.012166483
8.17;6.897;-9.469315709
8.17;6.894;-9.048225214
8.17;6.89;-9.239310971
8.17;6.896;-9.012166483
8.17;6.896;-8.781662728
8.17;6.89;-9.117938664
8.17;6.889;-9.009016257
8.17;6.893;-9.239310971
8.17;6.892;-9.041704174
8.17;6.883;-9.239310971
8.17;6.894;-9.009016257
8.17;6.882;-9.005723044
8.17;6.89;-9.239310971
8.17;6.887;-9.276247024
8.17;6.886;-9.015173266
8.17;6.882;-9.239310971
8.17;6.885;-9.009016257
8.17;6.88;-9.276247024
8.17;6.882;-9.269567352
8.17;6.879;-9.048225214
8.17;6.878;-9.048225214
8.17;6.878;-9.466162872
8.17;6.872;-9.500629805
8.17;6.88;-9.276247024
8.17;6.871;-9.005723044
8.17;6.869;-9.497135111
8.17;6.871;-9.081343382
8.17;6.871;-9.045037034
8.17;6.868;-9.051268247
8.17;6.874;-9.009016257
8.17;6.867;-9.051268247
8.17;6.869;-8.855371576
8.17;6.876;-10.53260236
8.17;6.879;-16.20272752
8.17;6.874;-15.02166895
8.17;6.876;-12.84926438
8.17;6.885;-13.29748729
8.17;6.878;-11.88827057
8.17;6.886;-10.48396691
8.17;6.886;-10.47034608
8.17;6.892;-10.42872043
8.17;6.878;-10.57574005
8.17;6.878;-10.22242076
8.17;6.887;-12.60166368
8.17;6.882;-8.390688062
8.17;6.887;-10.43324506
8.17;6.883;-9.674290355
8.17;6.882;-10.7023807
8.17;6.883;-10.47034608
8.17;6.882;-10.42872043
8.17;6.883;-10.39188981
8.17;6.883;-10.65983734
8.17;6.88;-10.42872043
8.17;6.879;-10.43324506
8.17;6.872;-10.43324506
8.17;6.869;-10.20632229
8.17;6.867;-10.42403128
8.17;6.875;-10.43324506
8.17;6.872;-10.42872043
8.17;6.868;-10.42872043
8.17;6.869;-10.43324506
8.17;6.876;-10.42403128
8.17;6.874;-10.47034608
8.17;6.878;-10.38741875
8.17;6.872;-10.20189182
8.17;6.876;-10.20189182
8.17;6.874;-10.38741875
8.17;6.878;-10.38741875
8.17;6.871;-10.2471352
8.17;6.876;-10.42872043
8.17;6.872;-10.38741875
8.17;6.872;-10.20189182
8.17;6.872;-10.47034608
8.17;6.874;-10.47034608
8.17;6.868;-10.66428712
8.17;6.876;-10.47492514
8.17;6.871;-10.42872043
8.17;6.868;-10.47492514
8.17;6.869;-10.38741875
8.17;6.871;-10.42872043
8.17;6.871;-10.20189182
8.17;6.869;-10.65983734
8.17;6.867;-10.47492514
8.17;6.867;-10.47034608
8.17;6.865;-10.16582791
8.17;6.874;-10.42872043
8.17;6.869;-10.17004601
8.17;6.875;-10.47034608
8.17;6.864;-10.16144995
8.17;6.867;-10.42872043
8.17;6.871;-10.42872043
8.17;6.865;-9.935161227
8.17;6.863;-9.594220737
8.17;6.861;-10.42872043
8.17;6.868;-10.38741875
8.17;6.864;-10.92472721
8.17;6.861;-11.44674454
8.17;6.867;-11.88827057
8.17;6.864;-12.32661251
8.17;6.864;-9.573489951
8.17;6.863;-8.113050938
8.17;6.865;-5.29702387
8.17;6.875;-4.380470307
8.17;6.868;-5.088799459
8.17;6.878;-5.29702387
8.17;6.885;-5.319200468
8.17;6.886;-5.068395509
8.17;6.896;-5.318334036
8.17;6.896;-5.067944871
8.17;6.899;-5.318334036
8.17;6.91;-5.109367882
8.17;6.913;-5.29702387
8.17;6.92;-5.318334036
8.17;6.92;-5.068395509
8.17;6.927;-5.319200468
8.17;6.931;-5.526424037
8.17;6.936;-5.088799459
8.17;6.942;-5.339815809
8.17;6.956;-5.29702387
8.17;6.959;-5.29702387
8.17;6.965;-5.340692783
8.17;6.969;-5.548152963
8.17;6.98;-5.29702387
8.17;6.987;-5.088343357
8.17;6.984;-5.088343357
8.17;6.992;-5.088799459
8.17;7.002;-5.318334036
8.17;6.999;-5.088343357
8.17;7.009;-5.088343357
8.17;7.014;-4.839486034
8.17;7.025;-5.067944871
8.17;7.025;-5.088799459
8.17;7.032;-5.318334036
8.17;7.036;-5.068395509
8.17;7.042;-5.318334036
8.17;7.046;-5.29702387
8.17;7.057;-5.068395509
8.17;7.058;-5.067944871
8.17;7.064;-5.29702387
8.17;7.07;-5.29702387
8.17;7.076;-5.088799459
8.17;7.079;-5.339815809
8.17;7.089;-5.29702387
8.17;7.092;-5.068395509
8.17;7.1;-5.088799459
8.17;7.107;-5.319200468
8.17;7.11;-5.068395509
8.17;7.114;-5.067944871
8.17;7.124;-5.318334036
8.17;7.128;-5.088799459
8.17;7.136;-5.548649785
8.17;7.14;-5.068395509
8.17;7.144;-5.548649785
8.17;7.15;-5.29702387
8.17;7.156;-5.067944871
8.17;7.166;-5.29702387
8.17;7.164;-5.548649785
8.17;7.169;-5.088343357
8.17;7.177;-5.297879926
8.17;7.18;-5.526424037
8.17;7.185;-5.318334036
8.17;7.189;-5.318334036
8.17;7.191;-5.088799459
8.17;7.196;-5.318334036
8.17;7.189;-5.318334036
8.17;7.189;-5.088799459
8.17;7.192;-5.318334036
8.17;7.195;-5.088343357
8.17;7.195;-5.548649785
8.17;7.191;-5.29702387
8.17;7.193;-5.088799459
8.17;7.193;-5.068395509
8.17;7.187;-5.318334036
8.17;7.195;-5.068395509
8.17;7.192;-5.067944871
8.17;7.191;-5.29702387
8.17;7.193;-5.088799459
8.17;7.192;-5.088799459
8.17;7.191;-5.067944871
8.17;7.192;-5.088799459
8.17;7.192;-5.088343357
8.17;7.188;-5.29702387
8.17;7.191;-5.088799459
8.17;7.198;-5.318334036
8.17;7.195;-5.318334036
8.17;7.187;-5.571054424
8.17;7.189;-5.318334036
8.17;7.199;-5.067944871
8.17;7.199;-5.067944871
8.17;7.191;-5.068395509
8.17;7.195;-5.088799459
8.17;7.191;-5.297879926
8.17;7.199;-5.318334036
8.17;7.192;-5.318334036
8.17;7.192;-5.29702387
8.17;7.198;-5.318334036
8.17;7.195;-5.29702387
8.17;7.198;-5.526424037
8.17;7.191;-5.067944871
8.17;7.196;-5.526424037
8.17;7.192;-5.319200468
8.17;7.195;-6.743808375
8.17;7.2;-4.647626619
8.17;7.2;-2.004677156
8.17;7.193;-1.622482191
8.17;7.203;-1.846650385
8.17;7.221;-1.609470573
8.17;7.229;-1.846650385
8.17;7.227;-1.609470573
8.17;7.234;-1.846395668
8.17;7.248;-1.61595021
8.17;7.256;-2.077290677
8.17;7.26;-2.077290677
8.17;7.266;-1.615727279
8.17;7.282;-1.846395668
8.17;7.284;-2.085684561
8.17;7.298;-2.077290677
8.17;7.303;-1.609470573
8.17;7.312;-2.0770042
8.17;7.319;-1.622482191
8.17;7.326;-1.61595021
8.17;7.334;-1.846395668
8.17;7.345;-1.83924688
8.17;7.357;-1.83924688
8.17;7.36;-1.846650385
8.17;7.368;-1.853855864
8.17;7.381;-2.069213866
8.17;7.388;-2.068964022
8.17;7.389;-2.068964022
8.17;7.401;-2.068680975
8.17;7.41;-1.61595021
8.17;7.421;-1.603042652
8.17;7.428;-1.846395668
8.17;7.429;-2.077290677
8.17;7.439;-1.61595021
8.17;7.45;-1.61595021
8.17;7.457;-2.077290677
8.17;7.463;-1.846650385
8.17;7.474;-1.838995214
8.17;7.486;-1.846395668
8.17;7.488;-1.846395668
8.17;7.502;-1.61595021
8.17;7.508;-2.077290677
8.17;7.517;-1.61595021
8.17;7.524;-2.077290677
8.17;7.53;-1.622482191
8.17;7.539;-1.846650385
8.17;7.55;-1.622482191
8.17;7.56;-1.83924688
8.17;7.564;-1.838995214
8.17;7.576;-2.077290677
8.17;7.582;-2.077290677
8.17;7.59;-1.846650385
8.17;7.598;-2.076684159
8.17;7.604;-1.846650385
8.17;7.611;-1.83924688
8.17;7.619;-1.61595021
8.17;7.632;-2.077290677
8.17;7.64;-1.846395668
8.17;7.647;-2.077290677
8.17;7.653;-2.077290677
8.17;7.669;-2.068364766
8.17;7.669;-1.838995214
8.17;7.681;-1.609470573
8.17;7.688;-1.61595021
8.17;7.687;-2.077290677
8.17;7.688;-1.61595021
8.17;7.681;-1.61595021
8.17;7.689;-1.846650385
8.17;7.691;-2.077290677
8.17;7.687;-1.83924688
8.17;7.685;-2.077290677
8.17;7.694;-1.61595021
8.17;7.685;-1.61595021
8.17;7.685;-1.61595021
8.17;7.682;-2.076684159
8.17;7.687;-2.085684561
8.17;7.685;-2.077290677
8.17;7.691;-1.609664996
8.17;7.689;-2.077290677
8.17;7.687;-1.846395668
8.17;7.689;-2.076684159
8.17;7.688;-2.538938476
8.17;7.685;-3.203962841
8.17;7.688;-2.52876112
8.17;7.684;-1.149029858
8.17;7.684;-0.231480307
8.17;7.684;-0.460702702
8.17;7.695;0.46269636
8.17;7.698;0.462556865
8.17;7.707;0.462828431
8.17;7.717;0.46269636
8.17;7.714;0.462556865
8.17;7.721;0.464567162
8.17;7.734;0.46269636
8.17;7.738;0.231282201
8.17;7.75;0.46269636
8.17;7.755;0.460840526
8.17;7.763;0.231282201
8.17;7.769;0.46269636
8.17;7.777;0.46269636
8.17;7.784;0.462556865
8.17;7.79;0.231282201
8.17;7.799;0.46269636
8.17;7.807;0
8.17;7.813;0.46269636
8.17;7.818;0.231282201
8.17;7.828;0.464567162
8.17;7.837;0.460840526
8.17;7.843;0.46269636
8.17;7.852;0.46269636
8.17;7.85;0.464567162
8.17;7.858;0.46269636
8.17;7.861;0.46269636
8.17;7.879;0.693816457
8.17;7.888;0.693816457
8.17;7.887;0.231282201
8.17;7.899;0.46269636
8.17;7.904;0.46269636
8.17;7.914;0.46269636
8.17;7.921;0.460840526
8.17;7.924;0.46269636
8.17;7.935;0.464567162
8.17;7.939;0.46269636
8.17;7.95;0.232216798
8.17;7.957;0.46269636
8.17;7.966;0.464425968
8.17;7.973;0.696619882
8.17;7.984;0.462828431
8.17;7.989;0.46269636
8.17;7.991;0.231282201
8.17;8.003;0.464567162
8.17;8.006;0.46269636
8.17;8.014;0.46269636
8.17;8.019;0.231282201
8.17;8.029;0.231282201
8.17;8.041;0.460840526
8.17;8.045;0.46269636
8.17;8.051;0.694025682
8.17;8.058;0.46269636
8.17;8.066;0.232216798
8.17;8.075;0.464567162
8.17;8.086;0.464700841
8.17;8.089;0.46269636
8.17;8.1;0.46269636
8.17;8.111;0.464567162
8.17;8.116;0.46269636
8.17;8.125;0.46269636
8.17;8.125;0.462556865
8.17;8.122;0.46269636
8.17;8.127;0.691035438
8.17;8.126;0.46269636
8.17;8.125;0.46269636
8.17;8.125;0.46269636
8.17;8.123;0.462556865
8.17;8.12;0.46269636
8.17;8.132;0.464567162
8.17;8.119;0.462828431
8.17;8.129;0.925332379
8.17;8.13;0.46269636
8.17;8.127;0.462828431
8.17;8.127;0.462409967
8.17;8.12;0.46269636
8.17;8.119;0.462556865
8.17;8.129;0.693816457
8.17;8.129;0.460702702
8.17;8.127;0.46269636
8.17;8.13;0.464567162
8.17;8.127;0.466453111
8.17;8.126;0.462556865
8.17;8.13;0.46269636
8.17;8.125;0.46269636
8.17;8.123;0.46269636
8.17;8.127;0.694025682
8.17;8.129;0.460840526
8.17;8.127;0.696831655
8.17;8.129;0
8.17;8.125;1.622230005
8.17;8.126;3.943674194
8.17;8.12;2.799894735
8.17;8.134;4.178865353
8.17;8.143;3.916070767
8.17;8.153;3.933852065
8.17;8.164;4.164463495
8.17;8.17;4.145646916
8.17;8.189;3.933852065
8.17;8.196;4.178865353
8.17;8.209;4.394939839
8.17;8.219;4.164463495
8.17;8.228;4.397269732
8.17;8.239;3.949635374
8.17;8.252;3.918193068
8.17;8.257;3.918193068
8.17;8.27;4.377459023
8.17;8.288;3.918193068
8.17;8.299;3.918193068
8.17;8.304;3.933852065
8.17;8.309;4.162190614
8.17;8.326;4.162190614
8.17;8.334;3.949635374
8.17;8.357;4.164463495
8.17;8.358;3.947461599
8.17;8.369;4.412559265
8.17;8.377;4.183400968
8.17;8.387;3.933852065
8.17;8.404;4.412559265
8.17;8.417;4.178865353
8.17;8.422;4.164463495
8.17;8.428;3.951747697
8.17;8.436;3.949635374
8.17;8.461;4.162190614
8.17;8.467;3.933852065
8.17;8.475;4.178865353
8.17;8.488;3.933852065
8.17;8.499;4.162190614
8.17;8.51;4.183400968
8.17;8.514;3.933852065
8.17;8.534;4.164463495
8.17;8.545;4.183400968
8.17;8.558;3.916070767
8.17;8.565;4.164463495
8.17;8.583;4.178865353
8.17;8.589;3.933852065
8.17;8.602;3.949635374
8.17;8.611;4.164463495
8.17;8.619;4.164463495
8.17;8.63;4.162190614
8.17;8.645;3.933852065
8.17;8.657;4.412559265
8.17;8.665;4.162190614
8.17;8.672;4.178865353
8.17;8.693;4.145646916
8.17;8.701;3.933852065
8.17;8.704;4.195672678
8.17;8.715;3.949635374
8.17;8.722;4.178865353
8.17;8.735;4.162190614
8.17;8.753;3.949635374
8.17;8.762;3.933852065
8.17;8.773;4.162190614
8.17;8.779;3.929495956
8.17;8.778;4.164463495
8.17;8.774;3.933852065
8.17;8.775;3.933852065
8.17;8.779;3.949635374
8.17;8.782;4.178865353
8.17;8.773;4.164463495
8.17;8.779;4.430318938
8.17;8.778;3.949635374
8.17;8.781;3.933852065
8.17;8.773;4.164463495
8.17;8.777;4.145646916
8.17;8.775;4.164463495
8.17;8.779;4.162190614
8.17;8.774;3.933852065
8.17;8.778;3.933852065
8.17;8.775;4.164463495
8.17;8.778;3.931704231
8.17;8.779;3.933852065
8.17;8.778;3.933852065
8.17;8.773;3.933852065
8.17;8.782;3.918193068
8.17;8.779;4.183400968
8.17;8.77;3.949635374
8.17;8.781;3.949635374
8.17;8.781;3.933852065
8.17;8.773;4.183400968
8.17;8.782;3.949635374
8.17;8.784;4.162190614
8.17;8.778;4.162190614
8.17;8.779;4.162190614
8.17;8.777;4.394939839
8.17;8.784;3.933852065
8.17;8.775;4.178865353
8.17;8.781;4.178865353
8.17;8.778;4.162190614
8.17;8.778;4.394939839
8.17;8.773;3.918193068
8.17;8.777;4.394939839
8.17;8.775;3.933852065
8.17;8.782;3.918193068
8.17;8.779;4.145646916
8.17;8.775;4.162190614
8.17;8.778;4.164463495
8.17;8.773;4.164463495
8.17;8.779;4.147892789
8.17;8.775;4.164463495
8.17;8.778;4.183400968
8.17;8.775;3.933852065
8.17;8.775;3.933852065
8.17;8.777;4.164463495
8.17;8.775;3.933852065
8.17;8.779;3.916070767
8.17;8.778;4.394939839
8.17;8.775;4.178865353
8.17;8.775;3.933852065
8.17;8.771;3.949635374
8.17;8.777;3.949635374
8.17;8.779;3.947461599
8.17;8.764;3.949635374
8.17;8.768;3.933852065
8.17;8.774;3.949635374
8.17;8.775;3.933852065
8.17;8.77;4.145646916
8.17;8.773;4.178865353
8.17;8.774;4.164463495
8.17;8.774;4.394939839
8.17;8.775;3.947461599
8.17;8.781;4.838703308
8.17;8.781;2.751496918
8.17;8.777;2.53595654
8.17;8.771;2.315899768
8.17;8.77;2.083657349
8.17;8.768;2.764969125
8.17;8.762;3.221978895
8.17;8.759;2.762468424
8.17;8.757;2.524781032
8.17;8.753;2.323256086
8.17;8.753;1.167817468
8.17;8.745;1.839720885
8.17;8.742;0.232216798
8.17;8.732;2.78845015
8.17;8.726;4.727425841
8.17;8.717;8.358895889
8.17;8.711;6.512330652
8.17;8.718;7.235241541
8.17;8.714;6.026682815
8.17;8.71;5.761458125
8.17;8.714;5.321151488
8.17;8.722;5.317814381
8.17;8.714;5.998863291
8.17;8.718;6.494749099
8.17;8.717;5.990708527
8.17;8.719;5.800250037
8.17;8.717;4.908704665
8.17;8.721;5.777228978
8.17;8.714;5.842993512
8.17;8.714;8.086687327
8.17;8.721;8.118367975
8.17;8.721;8.099737844
8.17;8.715;7.877499519
8.17;8.721;7.871259328
8.17;8.721;7.871259328
8.17;8.721;8.13819932
8.17;8.721;7.871259328
8.17;8.724;8.327957325
8.17;8.722;7.902349439
8.17;8.726;8.131706442
8.17;8.719;7.902349439
8.17;8.719;7.871259328
8.17;8.732;7.895920326
8.17;8.729;7.895920326
8.17;8.728;8.131706442
8.17;8.729;7.902349439
8.17;8.726;8.099737844
8.17;8.726;7.86490574
8.17;8.737;7.871259328
8.17;8.732;7.871259328
8.17;8.735;8.163921283
8.17;8.732;8.360801374
8.17;8.736;7.871259328
8.17;8.739;7.871259328
8.17;8.735;7.902349439
8.17;8.734;7.902349439
8.17;8.729;7.871259328
8.17;8.736;7.902349439
8.17;8.736;8.131706442
8.17;8.735;7.902349439
8.17;8.731;7.871259328
8.17;8.737;7.908663927
8.17;8.745;7.902349439
8.17;8.751;8.131706442
8.17;8.753;8.099737844
8.17;8.752;7.902349439
8.17;8.756;7.871259328
8.17;8.764;7.840406308
8.17;8.764;8.327957325
8.17;8.767;7.902349439
8.17;8.782;7.902349439
8.17;8.781;8.099737844
8.17;8.792;7.871259328
8.17;8.799;7.902349439
8.17;8.806;7.908663927
8.17;8.811;7.871259328
8.17;8.811;7.902349439
8.17;8.813;7.902349439
8.17;8.813;7.902349439
8.17;8.812;7.895920326
8.17;8.815;7.871259328
8.17;8.813;7.902349439
8.17;8.815;8.054984785
8.17;8.811;7.840406308
8.17;8.812;8.308273961
8.17;8.812;7.86490574
8.17;8.805;7.902349439
8.17;8.816;7.877499519
8.17;8.818;7.902349439
8.17;8.812;8.099737844
8.17;8.811;7.895920326
8.17;8.816;8.327957325
8.17;8.818;7.871259328
8.17;8.806;8.131706442
8.17;8.823;7.902349439
8.17;8.812;7.902349439
8.17;8.812;8.170491699
8.17;8.809;8.118367975
8.17;8.816;7.902349439
8.17;8.819;8.341021153
8.17;8.811;7.902349439
8.17;8.813;8.131706442
8.17;8.815;8.131706442
8.17;8.815;7.933679302
8.17;8.809;7.871259328
8.17;8.811;8.13819932
8.17;8.815;8.387025432
8.17;8.812;7.840406308
8.17;8.818;8.099737844
8.17;8.812;7.902349439
8.17;8.813;7.902349439
8.17;8.812;7.933679302
8.17;8.812;7.871259328
8.17;8.815;8.106154382
8.17;8.816;7.902349439
8.17;8.809;7.871259328
8.17;8.813;8.099737844
8.17;8.813;7.902349439
8.17;8.815;7.902349439
8.17;8.812;7.840406308
8.17;8.81;7.871259328
8.17;8.812;7.902349439
8.17;8.816;7.902349439
8.17;8.815;7.902349439
8.17;8.815;7.933679302
8.17;8.813;7.902349439
8.17;8.812;7.902349439
8.17;8.816;8.131706442
8.17;8.816;7.902349439
8.17;8.811;7.895920326
8.17;8.812;7.933679302
8.17;8.813;8.131706442
8.17;8.813;7.871259328
8.17;8.812;8.13819932
8.17;8.811;8.131706442
8.17;8.813;8.131706442
8.17;8.815;8.099737844
8.17;8.809;7.902349439
8.17;8.808;7.871259328
8.17;8.815;7.902349439
8.17;8.813;7.889377476
8.17;8.811;7.840406308
8.17;8.811;7.86490574
8.17;8.811;7.871259328
8.17;8.811;7.902349439
8.17;8.811;7.871259328
8.17;8.806;7.642528614
8.17;8.812;7.871259328
8.17;8.806;7.902349439
8.17;8.812;7.902349439
8.17;8.812;8.131706442
8.17;8.805;7.902349439
8.17;8.808;8.099737844
8.17;8.809;8.131706442
8.17;8.812;7.871259328
8.17;8.815;8.13819932
8.17;8.811;7.871259328
8.17;8.809;8.360801374
8.17;8.812;8.327957325
8.17;8.809;7.933679302
8.17;8.819;7.871259328
8.17;8.806;8.131706442
8.17;8.812;7.86490574
8.17;8.82;7.895920326
8.17;8.819;7.895920326
8.17;8.818;7.871259328
8.17;8.822;8.327957325
8.17;8.813;7.933679302
8.17;8.818;7.902349439
8.17;8.815;8.099737844
8.17;8.811;7.902349439
8.17;8.812;8.106154382
8.17;8.818;7.902349439
8.17;8.813;7.895920326
8.17;8.813;8.099737844
8.17;8.815;8.131706442
8.17;8.811;8.106154382
8.17;8.816;7.86490574
8.17;8.816;8.068012759
8.17;8.811;7.902349439
8.17;8.816;7.927173479
8.17;8.818;7.895920326
8.17;8.811;8.131706442
8.17;8.816;8.360801374
8.17;8.811;7.902349439
8.17;8.815;7.902349439
8.17;8.808;7.902349439
8.17;8.813;8.131706442
8.17;8.809;7.871259328
8.17;8.809;7.871259328
8.17;8.812;7.871259328
8.17;8.813;7.871259328
8.17;8.816;7.902349439
8.17;8.816;7.642528614
8.17;8.815;7.871259328
8.17;8.813;7.902349439
8.17;8.813;8.106154382
8.17;8.815;8.374020629
8.17;8.811;7.840406308
8.17;8.813;7.877499519
8.17;8.815;8.106154382
8.17;8.812;7.902349439
8.17;8.822;8.387025432
8.17;8.813;8.562678375
8.17;8.812;8.360320604
8.17;8.813;11.52625129
8.17;8.815;9.478638824
8.17;8.813;9.051713827
8.17;8.813;9.016347462
8.17;8.818;8.858082989
8.17;8.81;9.316322668
8.17;8.813;9.507630783
8.17;8.813;9.051713827
8.17;8.808;9.279820497
8.17;8.816;9.316322668
8.17;8.809;8.82331744
8.17;8.813;9.079319045
8.17;8.816;8.865791125
8.17;8.811;10.66638306
8.17;8.811;15.00998677
8.17;8.811;11.96467046
8.17;8.805;11.95175148
8.17;8.819;11.90552807
8.17;8.81;12.08540995
8.17;8.815;11.63349891
8.17;8.809;11.85964155
8.17;8.809;12.08540995
8.17;8.803;12.08540995
8.17;8.809;11.82656565
8.17;8.806;11.85964155
8.17;8.818;11.87226377
8.17;8.815;11.85964155
8.17;8.815;11.90552807
8.17;8.815;11.67855988
8.17;8.812;11.85964155
8.17;8.811;11.85964155
8.17;8.818;11.63349891
8.17;8.815;11.90552807
8.17;8.819;11.87226377
8.17;8.811;11.85964155
8.17;8.812;11.90552807
8.17;8.82;12.08540995
8.17;8.813;12.13211778
8.17;8.822;11.85964155
8.17;8.819;11.81408849
8.17;8.809;11.40698814
8.17;8.816;11.87226377
8.17;8.813;12.08540995
8.17;8.822;11.85964155
8.17;8.818;11.82656565
8.17;8.823;11.82656565
8.17;8.812;12.08540995
8.17;8.82;11.90552807
8.17;8.812;11.87226377
8.17;8.812;12.08540995
8.17;8.82;11.85964155
8.17;8.815;12.13211778
8.17;8.816;11.87226377
8.17;8.819;11.85964155
8.17;8.813;11.81408849
8.17;8.816;11.64589398
8.17;8.816;11.90552807
8.17;8.812;11.85964155
8.17;8.813;12.08540995
8.17;8.818;11.09880093
8.17;8.813;2.207476838
8.17;8.613;-0.923137888
8.17;8.592;-1.379009625
8.17;8.578;-1.38960408
8.17;8.561;-1.384557095
8.17;8.546;-1.384557095
8.17;8.528;-1.384557095
8.17;8.505;-1.384557095
8.17;8.488;-1.149436734
8.17;8.475;-1.149029858
8.17;8.457;-1.384557095
8.17;8.439;-1.396443096
8.17;8.422;-1.609833553
8.17;8.407;4.528412201
8.17;8.387;-1.616777174
8.17;8.364;-1.140620202
8.17;8.344;-1.192000784
8.17;8.324;1.330612213
8.17;8.31;0.231208748
8.17;8.301;0.924759704
8.17;8.29;0.924759704
8.17;8.283;0.696162655
8.17;8.273;0.464567162
8.17;8.263;0.46269636
8.17;8.25;0.464567162
8.17;8.235;0.694025682
8.17;8.232;0.693816457
8.17;8.22;0.925332379
8.17;8.21;0.462409967
8.17;8.197;0.694025682
8.17;8.187;0.696619882
8.17;8.174;0.466453111
8.17;8.161;0.693816457
8.17;8.147;0.694025682
